lat,lon,year,yield_maize,temperature
43.75,11.75,1982,9.251022,18.613775
43.75,11.75,1983,9.876991,18.25495
43.75,11.75,1984,10.55283,16.382141
43.75,11.75,1985,10.486564,18.76377
43.75,11.75,1986,12.218849,18.099987
43.75,11.75,1987,11.250535,18.25331
43.75,11.75,1988,11.657367,18.235193
43.75,11.75,1989,10.70632,17.1168
43.75,11.75,1990,10.970482,18.0186
43.75,11.75,1991,9.933992,18.01365
43.75,11.75,1992,12.615363,18.433086
43.75,11.75,1993,11.639522,18.681509
43.75,11.75,1994,12.417731,19.391516
43.75,11.75,1995,14.230786,17.107815
43.75,11.75,1996,14.397116,17.065113
43.75,11.75,1997,15.186582,18.35752
43.75,11.75,1998,15.046177,19.065033
43.75,11.75,1999,15.251589,18.892374
43.75,11.75,2000,14.730982,18.993322
43.75,11.75,2001,14.2068615,18.248398
43.75,11.75,2002,14.005683,17.750557
43.75,11.75,2003,12.172968,20.982573
43.75,11.75,2004,14.208736,17.979172
43.75,11.75,2005,13.564902,18.39833
43.75,11.75,2006,12.963544,18.819973
43.75,11.75,2007,14.689947,18.39799
43.75,11.75,2008,15.607417,18.302198
43.75,11.75,2009,14.288763,19.428345
43.75,11.75,2010,14.812893,17.877592
43.75,11.75,2011,15.698774,19.407284
43.75,11.75,2012,14.073611,19.44576
43.75,11.75,2013,15.180315,18.251804
43.75,11.75,2014,17.504501,17.58481
43.75,11.75,2015,16.101912,19.621922
43.75,11.75,2016,17.160381,18.638208
43.75,12.25,1982,9.097686,18.797573
43.75,12.25,1983,9.234997,18.400543
43.75,12.25,1984,10.386995,16.716328
43.75,12.25,1985,8.436711,18.875393
43.75,12.25,1986,11.331994,18.140036
43.75,12.25,1987,10.3599205,18.452545
43.75,12.25,1988,9.679562,18.373724
43.75,12.25,1989,10.805558,17.227144
43.75,12.25,1990,10.813338,18.231539
43.75,12.25,1991,10.052414,18.114826
43.75,12.25,1992,12.049031,18.587414
43.75,12.25,1993,12.166222,18.857431
43.75,12.25,1994,12.654297,19.457438
43.75,12.25,1995,13.579905,17.172283
43.75,12.25,1996,13.182535,17.297722
43.75,12.25,1997,13.539731,18.558678
43.75,12.25,1998,12.215276,19.295643
43.75,12.25,1999,14.349084,18.99464
43.75,12.25,2000,12.903233,19.23457
43.75,12.25,2001,12.550413,18.564867
43.75,12.25,2002,13.700252,17.982649
43.75,12.25,2003,10.328343,20.939402
43.75,12.25,2004,13.631329,18.155064
43.75,12.25,2005,13.343089,18.408878
43.75,12.25,2006,12.310681,18.817738
43.75,12.25,2007,11.425924,18.890131
43.75,12.25,2008,13.244232,18.681606
43.75,12.25,2009,12.279324,19.446735
43.75,12.25,2010,13.232971,18.100687
43.75,12.25,2011,13.374756,19.572422
43.75,12.25,2012,11.952649,19.793777
43.75,12.25,2013,13.196612,18.381506
43.75,12.25,2014,15.481664,17.703997
43.75,12.25,2015,13.971738,19.80364
43.75,12.25,2016,15.269319,18.583569
44.25,6.75,1982,4.623395,11.345995
44.25,6.75,1983,4.611639,10.780763
44.25,6.75,1984,3.9521432,9.072236
44.25,6.75,1985,5.707234,11.297396
44.25,6.75,1986,4.419776,11.27255
44.25,6.75,1987,5.979317,10.981498
44.25,6.75,1988,5.825632,10.925537
44.25,6.75,1989,5.886028,10.972066
44.25,6.75,1990,5.1294246,11.441429
44.25,6.75,1991,6.080171,11.199919
44.25,6.75,1992,5.750597,11.056336
44.25,6.75,1993,7.243155,11.120088
44.25,6.75,1994,7.291387,11.909702
44.25,6.75,1995,6.73921,10.097939
44.25,6.75,1996,6.908524,9.905158
44.25,6.75,1997,9.301863,11.386475
44.25,6.75,1998,7.3282213,11.670439
44.25,6.75,1999,8.161449,11.647921
44.25,6.75,2000,8.674846,11.641713
44.25,6.75,2001,7.44235,11.49807
44.25,6.75,2002,7.9572277,10.893557
44.25,6.75,2003,6.5870137,13.183744
44.25,6.75,2004,8.279416,11.266047
44.25,6.75,2005,7.84974,11.681519
44.25,6.75,2006,8.269001,11.864582
44.25,6.75,2007,8.978598,11.3516445
44.25,6.75,2008,7.6570053,11.141419
44.25,6.75,2009,8.133558,12.424906
44.25,6.75,2010,7.265375,10.925311
44.25,6.75,2011,9.40475,11.795517
44.25,6.75,2012,7.8404403,12.456777
44.25,6.75,2013,5.7625527,10.775476
44.25,6.75,2014,7.6578727,10.878809
44.25,6.75,2015,6.970556,12.642485
44.25,6.75,2016,7.3050027,12.012144
44.25,7.25,1982,9.7270155,13.050962
44.25,7.25,1983,10.491192,12.524153
44.25,7.25,1984,9.173004,10.745813
44.25,7.25,1985,9.336946,13.005396
44.25,7.25,1986,9.386203,12.872706
44.25,7.25,1987,10.644662,12.730981
44.25,7.25,1988,10.373955,12.649725
44.25,7.25,1989,11.701511,12.483613
44.25,7.25,1990,11.650142,13.072632
44.25,7.25,1991,10.559614,12.807528
44.25,7.25,1992,12.242355,12.627554
44.25,7.25,1993,13.239369,12.777681
44.25,7.25,1994,12.787732,13.551718
44.25,7.25,1995,14.445011,11.729643
44.25,7.25,1996,12.749429,11.583752
44.25,7.25,1997,14.659699,13.041412
44.25,7.25,1998,13.42089,13.297032
44.25,7.25,1999,13.040416,13.308202
44.25,7.25,2000,13.341751,13.330462
44.25,7.25,2001,14.051536,13.112866
44.25,7.25,2002,13.664462,12.321322
44.25,7.25,2003,11.499991,14.816668
44.25,7.25,2004,13.186223,12.913515
44.25,7.25,2005,13.230223,13.181033
44.25,7.25,2006,13.11544,13.566551
44.25,7.25,2007,14.661213,13.033628
44.25,7.25,2008,13.554911,12.815717
44.25,7.25,2009,13.2558365,13.874812
44.25,7.25,2010,11.325153,12.643016
44.25,7.25,2011,13.945974,13.471596
44.25,7.25,2012,12.286255,13.936651
44.25,7.25,2013,11.995116,12.493178
44.25,7.25,2014,14.355372,12.413637
44.25,7.25,2015,13.922652,14.034735
44.25,7.25,2016,13.98317,13.453145
44.25,7.75,1982,10.690034,16.22901
44.25,7.75,1983,11.344443,15.707605
44.25,7.75,1984,10.324038,13.912875
44.25,7.75,1985,10.378999,15.963847
44.25,7.75,1986,10.905809,15.956676
44.25,7.75,1987,11.6316805,15.861559
44.25,7.75,1988,11.046546,15.746801
44.25,7.75,1989,11.784702,15.561003
44.25,7.75,1990,11.231312,16.0401
44.25,7.75,1991,10.719433,15.969325
44.25,7.75,1992,12.74846,15.680601
44.25,7.75,1993,13.573235,15.8124485
44.25,7.75,1994,12.162379,16.554935
44.25,7.75,1995,14.25776,14.879221
44.25,7.75,1996,14.482355,14.735736
44.25,7.75,1997,15.115263,16.074444
44.25,7.75,1998,14.402645,16.300985
44.25,7.75,1999,14.657988,16.387482
44.25,7.75,2000,13.897618,16.303947
44.25,7.75,2001,14.701508,16.099945
44.25,7.75,2002,14.576176,15.346182
44.25,7.75,2003,12.298773,18.086416
44.25,7.75,2004,14.39765,15.938876
44.25,7.75,2005,14.628692,16.31055
44.25,7.75,2006,13.172995,16.668583
44.25,7.75,2007,14.779437,16.009441
44.25,7.75,2008,14.182974,15.874639
44.25,7.75,2009,13.889964,17.095095
44.25,7.75,2010,13.48788,15.885953
44.25,7.75,2011,14.545188,16.665768
44.25,7.75,2012,13.337563,16.813652
44.25,7.75,2013,13.437532,15.793524
44.25,7.75,2014,15.895902,15.488373
44.25,7.75,2015,15.310852,17.015265
44.25,7.75,2016,15.647698,16.53891
44.25,10.75,1982,11.787119,17.768478
44.25,10.75,1983,10.476537,17.394716
44.25,10.75,1984,11.773861,15.49297
44.25,10.75,1985,9.366126,17.534302
44.25,10.75,1986,11.524019,17.25413
44.25,10.75,1987,10.623666,17.20395
44.25,10.75,1988,9.816074,17.200256
44.25,10.75,1989,12.421483,16.415863
44.25,10.75,1990,12.010322,17.144367
44.25,10.75,1991,10.314743,17.181198
44.25,10.75,1992,13.137212,17.674929
44.25,10.75,1993,13.90847,17.422775
44.25,10.75,1994,15.073413,18.26942
44.25,10.75,1995,15.138663,16.262705
44.25,10.75,1996,14.242658,16.195501
44.25,10.75,1997,14.956212,17.3576
44.25,10.75,1998,12.618806,17.971066
44.25,10.75,1999,15.8713,17.856403
44.25,10.75,2000,13.98992,17.874182
44.25,10.75,2001,14.902504,17.363539
44.25,10.75,2002,14.5162115,16.903276
44.25,10.75,2003,11.454273,19.790447
44.25,10.75,2004,15.136396,16.99736
44.25,10.75,2005,14.108326,17.477533
44.25,10.75,2006,12.821318,17.87741
44.25,10.75,2007,12.483021,17.426287
44.25,10.75,2008,13.520428,17.301294
44.25,10.75,2009,12.054239,18.472345
44.25,10.75,2010,13.602551,16.999685
44.25,10.75,2011,13.349923,18.316517
44.25,10.75,2012,11.966124,18.46345
44.25,10.75,2013,12.429629,17.426397
44.25,10.75,2014,15.0978155,16.744793
44.25,10.75,2015,13.786693,18.696531
44.25,10.75,2016,14.303396,17.830223
44.25,11.25,1982,10.601578,19.228447
44.25,11.25,1983,10.170758,18.990559
44.25,11.25,1984,11.075874,17.013859
44.25,11.25,1985,9.625108,19.15619
44.25,11.25,1986,11.205585,18.6268
44.25,11.25,1987,10.241192,18.846355
44.25,11.25,1988,9.349217,18.816818
44.25,11.25,1989,11.532188,17.833254
44.25,11.25,1990,11.652904,18.620975
44.25,11.25,1991,10.210315,18.734432
44.25,11.25,1992,12.847755,19.411007
44.25,11.25,1993,12.830394,19.124275
44.25,11.25,1994,13.714006,19.705515
44.25,11.25,1995,14.00812,17.750141
44.25,11.25,1996,13.959251,17.742924
44.25,11.25,1997,14.251071,18.950802
44.25,11.25,1998,12.565253,19.67216
44.25,11.25,1999,15.08513,19.357513
44.25,11.25,2000,13.569542,19.54354
44.25,11.25,2001,14.387786,18.906193
44.25,11.25,2002,14.357722,18.423666
44.25,11.25,2003,11.234888,21.55976
44.25,11.25,2004,14.816501,18.515842
44.25,11.25,2005,14.227389,19.158298
44.25,11.25,2006,13.085434,19.414331
44.25,11.25,2007,12.776414,19.169643
44.25,11.25,2008,13.908833,19.02067
44.25,11.25,2009,12.379347,20.098673
44.25,11.25,2010,13.238466,18.620718
44.25,11.25,2011,13.9583025,20.12261
44.25,11.25,2012,12.182407,20.253948
44.25,11.25,2013,13.075284,19.08427
44.25,11.25,2014,14.791282,18.215748
44.25,11.25,2015,13.73295,20.221874
44.25,11.25,2016,14.248969,19.442755
44.25,11.75,1982,7.058009,20.281433
44.25,11.75,1983,6.905156,20.040653
44.25,11.75,1984,8.359867,18.24561
44.25,11.75,1985,5.3447785,20.249191
44.25,11.75,1986,7.635679,19.66119
44.25,11.75,1987,7.654874,20.14581
44.25,11.75,1988,6.980862,19.921162
44.25,11.75,1989,7.91496,18.828379
44.25,11.75,1990,7.8916535,19.76279
44.25,11.75,1991,7.504186,19.816153
44.25,11.75,1992,8.942548,20.631727
44.25,11.75,1993,9.244362,20.466354
44.25,11.75,1994,9.685424,20.867859
44.25,11.75,1995,9.8423395,18.802345
44.25,11.75,1996,9.500466,18.955002
44.25,11.75,1997,9.961577,20.116974
44.25,11.75,1998,9.259625,20.995985
44.25,11.75,1999,11.047405,20.58939
44.25,11.75,2000,10.11284,20.877542
44.25,11.75,2001,9.550433,20.103382
44.25,11.75,2002,10.549921,19.474276
44.25,11.75,2003,7.2239223,22.4847
44.25,11.75,2004,10.247313,19.66078
44.25,11.75,2005,10.217241,20.116205
44.25,11.75,2006,9.140951,20.254019
44.25,11.75,2007,8.569701,20.488834
44.25,11.75,2008,9.906344,20.26967
44.25,11.75,2009,8.636356,21.22728
44.25,11.75,2010,9.702794,19.641296
44.25,11.75,2011,9.499779,21.321642
44.25,11.75,2012,8.131632,21.56498
44.25,11.75,2013,9.373113,20.192678
44.25,11.75,2014,11.219747,19.179749
44.25,11.75,2015,9.90619,21.313484
44.25,11.75,2016,10.3488035,20.402456
44.75,6.75,1982,4.173969,9.00012
44.75,6.75,1983,4.3000245,8.292278
44.75,6.75,1984,4.009498,6.681314
44.75,6.75,1985,5.4810796,9.034566
44.75,6.75,1986,4.0902467,9.080254
44.75,6.75,1987,5.8050923,8.730997
44.75,6.75,1988,5.6006746,8.7837715
44.75,6.75,1989,4.7434535,8.739018
44.75,6.75,1990,4.1606383,9.280351
44.75,6.75,1991,5.031696,8.828684
44.75,6.75,1992,5.0023565,8.826757
44.75,6.75,1993,6.0685244,8.771837
44.75,6.75,1994,5.8159404,9.334453
44.75,6.75,1995,5.648385,7.686783
44.75,6.75,1996,6.048012,7.503408
44.75,6.75,1997,8.283391,9.009896
44.75,6.75,1998,6.7715282,9.387564
44.75,6.75,1999,6.8551464,9.265107
44.75,6.75,2000,7.9684386,9.220792
44.75,6.75,2001,6.528379,8.891851
44.75,6.75,2002,6.999819,8.44912
44.75,6.75,2003,5.81854,10.800026
44.75,6.75,2004,6.6641326,8.945281
44.75,6.75,2005,6.7172823,9.244362
44.75,6.75,2006,6.8435326,9.442598
44.75,6.75,2007,8.160282,9.064802
44.75,6.75,2008,7.3369226,8.913794
44.75,6.75,2009,7.6512747,10.145047
44.75,6.75,2010,6.873226,8.647296
44.75,6.75,2011,8.887675,9.630377
44.75,6.75,2012,7.4705715,9.944277
44.75,6.75,2013,5.515252,8.495601
44.75,6.75,2014,7.6503677,8.384201
44.75,6.75,2015,6.463251,10.154173
44.75,6.75,2016,6.9030533,9.5464735
44.75,7.25,1982,10.603088,14.717183
44.75,7.25,1983,10.581488,14.298716
44.75,7.25,1984,9.336192,12.729689
44.75,7.25,1985,10.9485655,14.560364
44.75,7.25,1986,10.209357,14.502614
44.75,7.25,1987,10.56056,14.553576
44.75,7.25,1988,10.672442,14.454554
44.75,7.25,1989,12.083683,14.4379425
44.75,7.25,1990,10.398013,14.864491
44.75,7.25,1991,10.889345,14.693622
44.75,7.25,1992,11.633682,14.385852
44.75,7.25,1993,13.584158,14.531354
44.75,7.25,1994,11.526303,15.228155
44.75,7.25,1995,13.475233,13.683017
44.75,7.25,1996,13.578108,13.445299
44.75,7.25,1997,14.551633,14.869301
44.75,7.25,1998,13.6159,15.178126
44.75,7.25,1999,13.490276,15.112765
44.75,7.25,2000,13.912484,15.171244
44.75,7.25,2001,13.859829,14.814133
44.75,7.25,2002,13.62393,14.104012
44.75,7.25,2003,11.442715,16.981604
44.75,7.25,2004,13.991903,14.859515
44.75,7.25,2005,13.830759,15.132876
44.75,7.25,2006,13.459549,15.556175
44.75,7.25,2007,15.302446,14.846959
44.75,7.25,2008,14.0356045,14.530764
44.75,7.25,2009,13.232153,15.725688
44.75,7.25,2010,13.601564,14.546359
44.75,7.25,2011,14.70842,15.418594
44.75,7.25,2012,13.148229,15.325401
44.75,7.25,2013,13.210139,14.576757
44.75,7.25,2014,16.180458,14.2605915
44.75,7.25,2015,14.769877,15.672719
44.75,7.25,2016,14.853129,15.272896
44.75,7.75,1982,8.796412,19.00301
44.75,7.75,1983,9.178934,18.527842
44.75,7.75,1984,9.090876,16.913017
44.75,7.75,1985,8.903454,18.758066
44.75,7.75,1986,9.250181,18.694769
44.75,7.75,1987,9.472726,18.864887
44.75,7.75,1988,9.713887,18.654896
44.75,7.75,1989,9.746233,18.774565
44.75,7.75,1990,8.942585,19.123428
44.75,7.75,1991,9.112705,19.113338
44.75,7.75,1992,10.90348,18.422226
44.75,7.75,1993,11.469169,18.768463
44.75,7.75,1994,10.5017185,19.250702
44.75,7.75,1995,11.586558,17.926722
44.75,7.75,1996,11.619077,17.813406
44.75,7.75,1997,12.1328945,19.31099
44.75,7.75,1998,11.69136,19.71422
44.75,7.75,1999,11.478489,19.467108
44.75,7.75,2000,11.775244,19.430885
44.75,7.75,2001,12.087915,19.166382
44.75,7.75,2002,12.423261,18.202698
44.75,7.75,2003,9.635011,21.902058
44.75,7.75,2004,11.624639,19.301685
44.75,7.75,2005,11.994102,19.571394
44.75,7.75,2006,10.480223,20.120441
44.75,7.75,2007,12.186979,19.231161
44.75,7.75,2008,11.998678,18.93156
44.75,7.75,2009,11.648276,20.411718
44.75,7.75,2010,12.231474,18.898188
44.75,7.75,2011,12.5704,20.050129
44.75,7.75,2012,11.232209,19.523214
44.75,7.75,2013,11.781149,19.195179
44.75,7.75,2014,14.428492,18.443996
44.75,7.75,2015,12.848786,19.844563
44.75,7.75,2016,13.413585,19.779535
44.75,8.25,1982,7.7327776,19.565088
44.75,8.25,1983,8.897607,19.072855
44.75,8.25,1984,9.421124,17.251844
44.75,8.25,1985,8.63247,19.282536
44.75,8.25,1986,9.540752,19.171192
44.75,8.25,1987,8.822667,19.30906
44.75,8.25,1988,9.923308,19.087616
44.75,8.25,1989,9.670597,18.949066
44.75,8.25,1990,8.535119,19.559132
44.75,8.25,1991,8.866456,19.725529
44.75,8.25,1992,10.754126,19.01132
44.75,8.25,1993,12.063321,19.284946
44.75,8.25,1994,11.917765,19.800264
44.75,8.25,1995,12.437191,18.537298
44.75,8.25,1996,11.754656,18.360752
44.75,8.25,1997,12.00941,19.601833
44.75,8.25,1998,11.336885,19.864315
44.75,8.25,1999,12.056526,20.009686
44.75,8.25,2000,11.85004,19.83351
44.75,8.25,2001,12.2374325,19.642023
44.75,8.25,2002,12.755961,18.743166
44.75,8.25,2003,9.898106,22.027058
44.75,8.25,2004,12.648839,19.554264
44.75,8.25,2005,12.4197445,19.72986
44.75,8.25,2006,11.117533,20.347958
44.75,8.25,2007,12.088812,19.503973
44.75,8.25,2008,12.239294,19.184872
44.75,8.25,2009,11.579947,20.612219
44.75,8.25,2010,12.091822,19.360546
44.75,8.25,2011,12.658326,20.387234
44.75,8.25,2012,11.342821,20.039106
44.75,8.25,2013,12.192894,19.382898
44.75,8.25,2014,13.639568,18.86259
44.75,8.25,2015,13.182192,20.302485
44.75,8.25,2016,13.187328,20.09599
44.75,8.75,1982,6.080439,19.252666
44.75,8.75,1983,7.1829567,18.728106
44.75,8.75,1984,7.6069956,16.833408
44.75,8.75,1985,6.7227993,18.89233
44.75,8.75,1986,6.960879,18.782755
44.75,8.75,1987,7.492763,18.894794
44.75,8.75,1988,7.0296507,18.939255
44.75,8.75,1989,7.390232,18.820456
44.75,8.75,1990,7.143784,19.30791
44.75,8.75,1991,6.827013,19.272919
44.75,8.75,1992,8.70015,18.851757
44.75,8.75,1993,9.102726,19.02479
44.75,8.75,1994,8.536036,19.48639
44.75,8.75,1995,8.683291,18.397703
44.75,8.75,1996,8.736778,17.98122
44.75,8.75,1997,9.182015,19.219864
44.75,8.75,1998,8.840839,19.52697
44.75,8.75,1999,9.640109,19.671984
44.75,8.75,2000,8.78968,19.728008
44.75,8.75,2001,9.812806,19.400412
44.75,8.75,2002,9.688301,18.809824
44.75,8.75,2003,7.3362556,21.821808
44.75,8.75,2004,9.309232,19.389374
44.75,8.75,2005,9.8080435,19.495846
44.75,8.75,2006,8.287147,20.102097
44.75,8.75,2007,8.511767,19.015865
44.75,8.75,2008,9.064624,19.051388
44.75,8.75,2009,8.252602,20.40275
44.75,8.75,2010,9.079078,19.094296
44.75,8.75,2011,9.582505,20.001202
44.75,8.75,2012,8.378106,20.010326
44.75,8.75,2013,9.358688,19.132883
44.75,8.75,2014,10.644325,18.724936
44.75,8.75,2015,9.130339,20.228157
44.75,8.75,2016,9.789064,20.0301
44.75,9.25,1982,9.510587,17.456041
44.75,9.25,1983,10.8597555,17.034279
44.75,9.25,1984,10.7179985,15.145157
44.75,9.25,1985,9.636262,17.130707
44.75,9.25,1986,9.648139,16.933174
44.75,9.25,1987,9.583859,17.016872
44.75,9.25,1988,9.634746,16.7821
44.75,9.25,1989,11.38242,16.522583
44.75,9.25,1990,10.919466,17.109272
44.75,9.25,1991,9.295567,17.28001
44.75,9.25,1992,12.258214,17.19818
44.75,9.25,1993,13.188174,17.156338
44.75,9.25,1994,13.543385,17.81725
44.75,9.25,1995,13.592753,16.33525
44.75,9.25,1996,12.932482,16.011688
44.75,9.25,1997,13.3866625,17.283379
44.75,9.25,1998,13.236021,17.591362
44.75,9.25,1999,14.042437,17.62595
44.75,9.25,2000,13.269039,17.516134
44.75,9.25,2001,14.13582,17.200336
44.75,9.25,2002,13.652428,16.656525
44.75,9.25,2003,9.868552,19.59009
44.75,9.25,2004,12.953482,17.122671
44.75,9.25,2005,13.583308,17.344128
44.75,9.25,2006,12.694151,17.795238
44.75,9.25,2007,12.973305,16.978207
44.75,9.25,2008,12.8815,16.982342
44.75,9.25,2009,11.496489,18.29236
44.75,9.25,2010,12.593819,16.811438
44.75,9.25,2011,13.759998,17.872534
44.75,9.25,2012,12.155232,18.017466
44.75,9.25,2013,12.80785,17.032131
44.75,9.25,2014,15.160063,16.597857
44.75,9.25,2015,12.928574,18.294968
44.75,9.25,2016,14.0172,17.722364
44.75,9.75,1982,8.984953,18.455355
44.75,9.75,1983,8.822772,18.11709
44.75,9.75,1984,9.621817,16.113018
44.75,9.75,1985,8.551533,18.18452
44.75,9.75,1986,8.685077,17.916235
44.75,9.75,1987,9.056225,17.99664
44.75,9.75,1988,8.103517,17.772472
44.75,9.75,1989,9.639617,17.449879
44.75,9.75,1990,9.39557,18.04282
44.75,9.75,1991,8.096285,18.389433
44.75,9.75,1992,10.766463,18.496616
44.75,9.75,1993,10.704755,18.281933
44.75,9.75,1994,11.150887,18.858719
44.75,9.75,1995,10.827523,17.302095
44.75,9.75,1996,10.53755,17.09694
44.75,9.75,1997,11.484225,18.282396
44.75,9.75,1998,10.362814,18.764858
44.75,9.75,1999,11.846011,18.686108
44.75,9.75,2000,10.815501,18.596994
44.75,9.75,2001,11.74954,18.1694
44.75,9.75,2002,11.823887,17.750118
44.75,9.75,2003,8.40532,20.71423
44.75,9.75,2004,11.523672,18.12061
44.75,9.75,2005,11.572678,18.416004
44.75,9.75,2006,10.415113,18.813065
44.75,9.75,2007,10.505068,18.246784
44.75,9.75,2008,10.710682,18.243935
44.75,9.75,2009,9.387383,19.351032
44.75,9.75,2010,10.641319,17.739891
44.75,9.75,2011,11.101758,19.088095
44.75,9.75,2012,10.229958,19.278917
44.75,9.75,2013,10.138628,18.140898
44.75,9.75,2014,12.094712,17.512638
44.75,9.75,2015,10.680388,19.500843
44.75,9.75,2016,11.694429,18.916973
44.75,10.25,1982,8.048808,20.011011
44.75,10.25,1983,7.294209,19.699795
44.75,10.25,1984,9.13876,17.655907
44.75,10.25,1985,6.917216,19.729334
44.75,10.25,1986,8.0362625,19.333736
44.75,10.25,1987,8.664323,19.723606
44.75,10.25,1988,7.3040943,19.493881
44.75,10.25,1989,8.12549,18.918066
44.75,10.25,1990,8.075754,19.741133
44.75,10.25,1991,7.203411,19.980091
44.75,10.25,1992,9.544382,20.341913
44.75,10.25,1993,8.948782,19.98373
44.75,10.25,1994,9.366039,20.394405
44.75,10.25,1995,9.874674,18.841736
44.75,10.25,1996,9.016626,18.825018
44.75,10.25,1997,10.135141,20.121506
44.75,10.25,1998,9.519188,20.682299
44.75,10.25,1999,10.389609,20.474232
44.75,10.25,2000,9.70156,20.267963
44.75,10.25,2001,10.215011,19.683302
44.75,10.25,2002,10.438927,19.399212
44.75,10.25,2003,7.031878,22.321182
44.75,10.25,2004,10.64935,19.763546
44.75,10.25,2005,9.976009,19.977238
44.75,10.25,2006,8.970448,20.289066
44.75,10.25,2007,8.913197,20.143879
44.75,10.25,2008,9.756095,20.028233
44.75,10.25,2009,7.7964973,21.005219
44.75,10.25,2010,9.180492,19.243952
44.75,10.25,2011,9.885979,20.720798
44.75,10.25,2012,8.479793,21.164541
44.75,10.25,2013,7.947114,19.588305
44.75,10.25,2014,10.185434,18.949265
44.75,10.25,2015,9.033492,21.097641
44.75,10.25,2016,10.032301,20.431677
44.75,10.75,1982,6.529441,21.172573
44.75,10.75,1983,6.040759,20.911558
44.75,10.75,1984,7.6728196,18.81539
44.75,10.75,1985,6.0882926,20.950037
44.75,10.75,1986,6.992269,20.486532
44.75,10.75,1987,7.9430475,20.959074
44.75,10.75,1988,6.743355,20.72602
44.75,10.75,1989,7.6290116,19.929941
44.75,10.75,1990,7.126914,20.772991
44.75,10.75,1991,6.5016103,21.048574
44.75,10.75,1992,7.9697247,21.750881
44.75,10.75,1993,7.7186694,21.225883
44.75,10.75,1994,7.4557667,21.488873
44.75,10.75,1995,8.202107,19.808455
44.75,10.75,1996,8.437941,19.926876
44.75,10.75,1997,8.724642,21.31885
44.75,10.75,1998,8.556206,21.904892
44.75,10.75,1999,9.144942,21.600046
44.75,10.75,2000,8.998391,21.612698
44.75,10.75,2001,8.902874,20.903648
44.75,10.75,2002,9.106455,20.471807
44.75,10.75,2003,6.1968193,23.448103
44.75,10.75,2004,8.922131,20.800419
44.75,10.75,2005,8.755449,21.116909
44.75,10.75,2006,7.9869184,21.449707
44.75,10.75,2007,7.832479,21.418507
44.75,10.75,2008,8.77474,21.153622
44.75,10.75,2009,6.610488,22.244343
44.75,10.75,2010,8.229739,20.34756
44.75,10.75,2011,8.105278,21.968643
44.75,10.75,2012,7.200359,22.539698
44.75,10.75,2013,6.7432437,20.971663
44.75,10.75,2014,9.125008,20.167294
44.75,10.75,2015,7.3676295,22.380545
44.75,10.75,2016,9.31126,21.592785
44.75,11.25,1982,5.347466,21.947556
44.75,11.25,1983,5.3226523,21.704996
44.75,11.25,1984,6.171896,19.542189
44.75,11.25,1985,4.597615,21.80055
44.75,11.25,1986,5.6098714,21.342442
44.75,11.25,1987,6.5428014,21.794872
44.75,11.25,1988,5.818292,21.571163
44.75,11.25,1989,6.76138,20.629034
44.75,11.25,1990,5.76847,21.668865
44.75,11.25,1991,5.813603,21.740013
44.75,11.25,1992,7.018479,22.740866
44.75,11.25,1993,6.558454,22.160448
44.75,11.25,1994,6.0673246,22.4035
44.75,11.25,1995,6.6971292,20.611126
44.75,11.25,1996,6.9268594,20.80772
44.75,11.25,1997,7.0135884,22.130863
44.75,11.25,1998,7.5414915,22.852299
44.75,11.25,1999,7.7809815,22.451654
44.75,11.25,2000,7.9165525,22.710041
44.75,11.25,2001,7.8201804,21.784132
44.75,11.25,2002,7.7088223,21.292465
44.75,11.25,2003,5.594903,24.387884
44.75,11.25,2004,7.243896,21.652374
44.75,11.25,2005,7.748452,21.948908
44.75,11.25,2006,6.4754553,22.376942
44.75,11.25,2007,6.3224487,22.39427
44.75,11.25,2008,7.6552844,22.100948
44.75,11.25,2009,5.8685484,23.08314
44.75,11.25,2010,7.225029,21.083906
44.75,11.25,2011,7.2186074,22.921438
44.75,11.25,2012,6.06086,23.63726
44.75,11.25,2013,6.128215,21.82215
44.75,11.25,2014,8.2367,20.925966
44.75,11.25,2015,7.220309,23.314405
44.75,11.25,2016,8.042383,22.39802
44.75,11.75,1982,4.776486,22.114792
44.75,11.75,1983,4.691135,21.92323
44.75,11.75,1984,5.7373586,19.832985
44.75,11.75,1985,4.135002,21.920004
44.75,11.75,1986,5.3677034,21.66791
44.75,11.75,1987,6.393576,22.089764
44.75,11.75,1988,5.7875357,21.75888
44.75,11.75,1989,6.0688987,20.874348
44.75,11.75,1990,5.330889,21.845537
44.75,11.75,1991,5.381879,21.77245
44.75,11.75,1992,6.6475587,22.759632
44.75,11.75,1993,6.1816645,22.37287
44.75,11.75,1994,5.684067,22.758204
44.75,11.75,1995,6.52648,20.759127
44.75,11.75,1996,6.647959,21.121767
44.75,11.75,1997,7.0445166,22.142614
44.75,11.75,1998,7.2852216,22.915377
44.75,11.75,1999,7.454269,22.629156
44.75,11.75,2000,7.595192,23.118885
44.75,11.75,2001,7.204696,22.15035
44.75,11.75,2002,7.3709073,21.563293
44.75,11.75,2003,5.0767503,24.489744
44.75,11.75,2004,6.9317207,21.858547
44.75,11.75,2005,7.447814,22.039034
44.75,11.75,2006,6.290365,22.388067
44.75,11.75,2007,6.1028895,22.62144
44.75,11.75,2008,7.3938384,22.239403
44.75,11.75,2009,5.750355,23.195328
44.75,11.75,2010,6.905623,21.351576
44.75,11.75,2011,7.379421,23.252565
44.75,11.75,2012,5.063199,23.9257
44.75,11.75,2013,6.219539,21.991554
44.75,11.75,2014,8.396991,21.18092
44.75,11.75,2015,7.5143175,23.480564
44.75,11.75,2016,7.700001,22.333832
45.25,6.75,1982,7.8784366,8.13987
45.25,6.75,1983,6.947378,7.481575
45.25,6.75,1984,6.6612453,5.7214227
45.25,6.75,1985,8.790056,7.910051
45.25,6.75,1986,7.320848,8.169737
45.25,6.75,1987,8.507966,7.6142936
45.25,6.75,1988,8.439713,7.8156624
45.25,6.75,1989,9.155307,7.6548944
45.25,6.75,1990,7.5517244,8.308164
45.25,6.75,1991,8.749373,7.897058
45.25,6.75,1992,8.119932,8.057993
45.25,6.75,1993,10.933222,7.6451035
45.25,6.75,1994,10.20344,8.337545
45.25,6.75,1995,10.147499,6.667611
45.25,6.75,1996,10.688586,6.6566267
45.25,6.75,1997,12.626323,7.9627714
45.25,6.75,1998,11.139484,8.158893
45.25,6.75,1999,11.075952,8.317733
45.25,6.75,2000,12.617807,8.111618
45.25,6.75,2001,11.394487,7.50707
45.25,6.75,2002,11.3142,7.333041
45.25,6.75,2003,9.817698,9.942776
45.25,6.75,2004,11.243895,7.8223276
45.25,6.75,2005,11.085302,8.0042515
45.25,6.75,2006,11.676836,8.363598
45.25,6.75,2007,13.17206,7.8607545
45.25,6.75,2008,11.774977,8.000748
45.25,6.75,2009,11.942329,9.1474695
45.25,6.75,2010,11.333404,7.5084686
45.25,6.75,2011,13.7700815,8.646283
45.25,6.75,2012,12.029385,8.779902
45.25,6.75,2013,9.708828,7.445741
45.25,6.75,2014,11.374426,7.2275915
45.25,6.75,2015,10.577057,9.115579
45.25,6.75,2016,11.553039,8.43088
45.25,7.25,1982,9.112593,12.892276
45.25,7.25,1983,9.432928,12.351387
45.25,7.25,1984,7.8236375,10.85322
45.25,7.25,1985,10.28186,12.6533785
45.25,7.25,1986,8.859786,12.743425
45.25,7.25,1987,9.433005,12.647482
45.25,7.25,1988,10.106829,12.434818
45.25,7.25,1989,10.541563,12.521738
45.25,7.25,1990,8.953288,13.091319
45.25,7.25,1991,10.086839,12.935762
45.25,7.25,1992,9.751954,12.597507
45.25,7.25,1993,12.681226,12.542649
45.25,7.25,1994,10.664064,13.272672
45.25,7.25,1995,12.841727,11.818892
45.25,7.25,1996,12.894744,11.5939865
45.25,7.25,1997,14.89348,12.915239
45.25,7.25,1998,13.670374,13.16847
45.25,7.25,1999,13.024647,13.140749
45.25,7.25,2000,14.018298,13.082603
45.25,7.25,2001,13.611077,12.638945
45.25,7.25,2002,12.538793,12.135324
45.25,7.25,2003,12.097883,14.920542
45.25,7.25,2004,13.584673,12.780657
45.25,7.25,2005,13.260273,13.172033
45.25,7.25,2006,13.239403,13.430989
45.25,7.25,2007,14.800556,12.697693
45.25,7.25,2008,13.141292,12.553685
45.25,7.25,2009,14.102747,13.732923
45.25,7.25,2010,12.992539,12.511141
45.25,7.25,2011,14.971903,13.406517
45.25,7.25,2012,12.94494,13.249886
45.25,7.25,2013,13.5169735,12.524913
45.25,7.25,2014,15.030984,12.2750435
45.25,7.25,2015,14.198391,13.784172
45.25,7.25,2016,14.742079,13.355364
45.25,7.75,1982,9.263946,18.826681
45.25,7.75,1983,9.133717,18.427076
45.25,7.75,1984,8.951273,16.959953
45.25,7.75,1985,9.656939,18.680096
45.25,7.75,1986,10.05941,18.793737
45.25,7.75,1987,8.949484,18.672075
45.25,7.75,1988,9.670952,18.348679
45.25,7.75,1989,10.53953,18.890738
45.25,7.75,1990,9.20326,19.203506
45.25,7.75,1991,9.557342,19.205652
45.25,7.75,1992,11.015972,18.394867
45.25,7.75,1993,11.947443,18.497776
45.25,7.75,1994,10.519647,19.346249
45.25,7.75,1995,12.821146,17.966002
45.25,7.75,1996,12.977584,17.609861
45.25,7.75,1997,12.970624,19.149754
45.25,7.75,1998,12.465864,19.387735
45.25,7.75,1999,12.566443,19.196514
45.25,7.75,2000,12.840371,19.192743
45.25,7.75,2001,12.958808,18.912851
45.25,7.75,2002,12.560449,18.07904
45.25,7.75,2003,10.994357,22.070057
45.25,7.75,2004,12.331207,19.313374
45.25,7.75,2005,12.497759,19.569517
45.25,7.75,2006,11.749338,20.007534
45.25,7.75,2007,14.331189,18.863255
45.25,7.75,2008,13.539415,18.597858
45.25,7.75,2009,13.073162,20.282204
45.25,7.75,2010,12.946649,18.620516
45.25,7.75,2011,13.985386,19.830547
45.25,7.75,2012,12.252767,19.300106
45.25,7.75,2013,12.966295,19.035242
45.25,7.75,2014,14.864918,18.391575
45.25,7.75,2015,14.165333,19.845795
45.25,7.75,2016,14.700575,19.694082
45.25,8.25,1982,7.8947854,20.086525
45.25,8.25,1983,7.6984673,19.69276
45.25,8.25,1984,8.090475,17.982937
45.25,8.25,1985,7.9181094,19.883677
45.25,8.25,1986,8.383389,19.892363
45.25,8.25,1987,7.9427505,19.804325
45.25,8.25,1988,8.585591,19.569035
45.25,8.25,1989,8.596439,19.920801
45.25,8.25,1990,8.245167,20.310818
45.25,8.25,1991,8.014196,20.702059
45.25,8.25,1992,9.231249,19.724882
45.25,8.25,1993,10.709281,19.809744
45.25,8.25,1994,9.541054,20.64364
45.25,8.25,1995,10.502317,19.221394
45.25,8.25,1996,10.060581,18.894392
45.25,8.25,1997,10.203968,20.395832
45.25,8.25,1998,10.272185,20.645502
45.25,8.25,1999,10.59866,20.63767
45.25,8.25,2000,11.001925,20.33754
45.25,8.25,2001,9.971852,20.257164
45.25,8.25,2002,9.868835,19.349888
45.25,8.25,2003,8.649189,23.374933
45.25,8.25,2004,9.770093,20.712484
45.25,8.25,2005,10.064922,20.775206
45.25,8.25,2006,9.63376,21.3633
45.25,8.25,2007,11.545056,20.109583
45.25,8.25,2008,10.471172,19.737576
45.25,8.25,2009,9.653683,21.571985
45.25,8.25,2010,10.0893955,19.852282
45.25,8.25,2011,10.9833145,21.152063
45.25,8.25,2012,9.131436,20.676044
45.25,8.25,2013,9.447025,19.93099
45.25,8.25,2014,11.219624,19.51845
45.25,8.25,2015,11.058107,21.016907
45.25,8.25,2016,11.448814,20.71791
45.25,8.75,1982,7.4523454,20.718994
45.25,8.75,1983,7.11443,20.275278
45.25,8.75,1984,7.515938,18.426329
45.25,8.75,1985,7.451618,20.475317
45.25,8.75,1986,7.8385925,20.291737
45.25,8.75,1987,7.643692,20.590183
45.25,8.75,1988,8.029929,20.396832
45.25,8.75,1989,7.789548,20.57269
45.25,8.75,1990,7.579788,20.971584
45.25,8.75,1991,7.1860423,21.409698
45.25,8.75,1992,8.422651,20.544977
45.25,8.75,1993,9.449304,20.614323
45.25,8.75,1994,8.724881,21.001657
45.25,8.75,1995,8.991914,19.962345
45.25,8.75,1996,9.033147,19.577675
45.25,8.75,1997,9.382033,21.003286
45.25,8.75,1998,9.491722,21.482391
45.25,8.75,1999,9.863199,21.500141
45.25,8.75,2000,9.866392,21.206337
45.25,8.75,2001,9.235172,21.171085
45.25,8.75,2002,8.970531,20.256931
45.25,8.75,2003,7.6348305,24.032213
45.25,8.75,2004,9.077119,21.417656
45.25,8.75,2005,9.045328,21.534767
45.25,8.75,2006,8.750618,22.093159
45.25,8.75,2007,10.135839,20.830973
45.25,8.75,2008,9.445282,20.537968
45.25,8.75,2009,8.697513,22.260984
45.25,8.75,2010,9.104973,20.607265
45.25,8.75,2011,10.096181,21.797815
45.25,8.75,2012,8.48453,21.689434
45.25,8.75,2013,8.458775,20.691807
45.25,8.75,2014,10.300087,20.181826
45.25,8.75,2015,10.026464,21.832111
45.25,8.75,2016,10.539215,21.46074
45.25,9.25,1982,7.7360563,20.963293
45.25,9.25,1983,7.7034097,20.466839
45.25,9.25,1984,7.798367,18.618454
45.25,9.25,1985,7.866405,20.695972
45.25,9.25,1986,7.9174256,20.355112
45.25,9.25,1987,7.951354,20.800028
45.25,9.25,1988,8.113365,20.428991
45.25,9.25,1989,7.921962,20.380407
45.25,9.25,1990,7.865674,20.864445
45.25,9.25,1991,7.2995367,21.371557
45.25,9.25,1992,8.746915,20.965445
45.25,9.25,1993,9.28972,20.843151
45.25,9.25,1994,9.028493,21.356094
45.25,9.25,1995,8.848564,19.97783
45.25,9.25,1996,8.897226,19.793003
45.25,9.25,1997,9.831635,21.06966
45.25,9.25,1998,9.997562,21.69961
45.25,9.25,1999,10.079098,21.663141
45.25,9.25,2000,9.8537855,21.43304
45.25,9.25,2001,9.966284,21.239569
45.25,9.25,2002,9.809058,20.276228
45.25,9.25,2003,7.5193744,24.09037
45.25,9.25,2004,9.287946,21.305561
45.25,9.25,2005,9.87492,21.499783
45.25,9.25,2006,9.05294,21.963333
45.25,9.25,2007,10.030924,21.14288
45.25,9.25,2008,9.906023,20.80564
45.25,9.25,2009,8.815323,22.432251
45.25,9.25,2010,9.548258,20.450531
45.25,9.25,2011,10.259916,21.863876
45.25,9.25,2012,9.337094,22.022339
45.25,9.25,2013,8.727313,20.781916
45.25,9.25,2014,11.122245,20.161621
45.25,9.25,2015,10.362915,22.08775
45.25,9.25,2016,11.226969,21.370472
45.25,9.75,1982,7.197248,21.24904
45.25,9.75,1983,7.171934,20.75767
45.25,9.75,1984,7.749546,18.859156
45.25,9.75,1985,7.6675878,20.945457
45.25,9.75,1986,7.3495517,20.62794
45.25,9.75,1987,7.8395333,20.872356
45.25,9.75,1988,7.5211377,20.632864
45.25,9.75,1989,7.5896883,20.239613
45.25,9.75,1990,7.6493707,20.876366
45.25,9.75,1991,7.048901,21.361637
45.25,9.75,1992,8.613195,21.371994
45.25,9.75,1993,8.504513,21.193714
45.25,9.75,1994,8.265135,21.757513
45.25,9.75,1995,8.030483,20.006344
45.25,9.75,1996,8.400325,20.0033
45.25,9.75,1997,9.296396,21.267569
45.25,9.75,1998,9.5164175,21.91447
45.25,9.75,1999,9.384141,21.71895
45.25,9.75,2000,9.21236,21.682226
45.25,9.75,2001,8.938847,21.344929
45.25,9.75,2002,9.121353,20.394245
45.25,9.75,2003,7.2009125,24.06884
45.25,9.75,2004,8.85514,21.161766
45.25,9.75,2005,9.047577,21.447144
45.25,9.75,2006,8.971935,21.916769
45.25,9.75,2007,9.231681,21.40313
45.25,9.75,2008,9.28776,21.106106
45.25,9.75,2009,7.913054,22.472202
45.25,9.75,2010,8.344208,20.567734
45.25,9.75,2011,9.624128,22.040548
45.25,9.75,2012,8.0587015,22.364244
45.25,9.75,2013,7.7230864,21.03635
45.25,9.75,2014,10.185125,20.369808
45.25,9.75,2015,8.41411,22.576687
45.25,9.75,2016,9.984463,21.64191
45.25,10.25,1982,6.3558645,21.494993
45.25,10.25,1983,6.3907986,20.991278
45.25,10.25,1984,7.0226464,19.02889
45.25,10.25,1985,6.906338,21.143223
45.25,10.25,1986,6.91192,20.83741
45.25,10.25,1987,7.587149,21.13156
45.25,10.25,1988,7.1750817,20.912945
45.25,10.25,1989,7.5590024,20.332409
45.25,10.25,1990,7.3793936,21.181305
45.25,10.25,1991,7.167967,21.465885
45.25,10.25,1992,8.276565,21.843884
45.25,10.25,1993,7.915104,21.550758
45.25,10.25,1994,7.880272,22.016201
45.25,10.25,1995,7.6147556,20.134205
45.25,10.25,1996,8.187656,20.36641
45.25,10.25,1997,8.988642,21.596083
45.25,10.25,1998,8.983183,22.119362
45.25,10.25,1999,8.968601,21.904123
45.25,10.25,2000,8.920058,21.831228
45.25,10.25,2001,8.540595,21.500397
45.25,10.25,2002,8.900946,20.695713
45.25,10.25,2003,6.5868053,24.309696
45.25,10.25,2004,8.474784,21.163235
45.25,10.25,2005,8.606363,21.417814
45.25,10.25,2006,8.215906,21.962988
45.25,10.25,2007,8.211514,21.517567
45.25,10.25,2008,8.682085,21.464014
45.25,10.25,2009,7.242279,22.63708
45.25,10.25,2010,8.005288,20.771109
45.25,10.25,2011,9.156913,22.135237
45.25,10.25,2012,7.642012,22.660685
45.25,10.25,2013,7.3264723,21.249773
45.25,10.25,2014,9.06313,20.596466
45.25,10.25,2015,7.6839294,22.979641
45.25,10.25,2016,9.082784,21.913425
45.25,10.75,1982,5.424332,21.63704
45.25,10.75,1983,5.6715918,21.088512
45.25,10.75,1984,6.293448,19.063076
45.25,10.75,1985,6.126816,21.161974
45.25,10.75,1986,6.3874793,20.935627
45.25,10.75,1987,7.11818,21.236511
45.25,10.75,1988,6.6612897,20.999008
45.25,10.75,1989,7.311737,20.257786
45.25,10.75,1990,7.002868,21.188272
45.25,10.75,1991,6.538722,21.316278
45.25,10.75,1992,7.826979,22.063852
45.25,10.75,1993,7.844493,21.715572
45.25,10.75,1994,7.42639,22.154108
45.25,10.75,1995,7.5604243,20.071346
45.25,10.75,1996,8.27573,20.510174
45.25,10.75,1997,8.465126,21.578396
45.25,10.75,1998,8.639301,22.211454
45.25,10.75,1999,8.640229,21.885702
45.25,10.75,2000,8.370826,22.00301
45.25,10.75,2001,8.111293,21.59771
45.25,10.75,2002,8.195901,20.729292
45.25,10.75,2003,6.4502106,24.264746
45.25,10.75,2004,8.508584,21.163921
45.25,10.75,2005,8.251242,21.323484
45.25,10.75,2006,7.809166,21.984377
45.25,10.75,2007,7.531968,21.480503
45.25,10.75,2008,8.272676,21.508186
45.25,10.75,2009,6.831551,22.79975
45.25,10.75,2010,7.5170374,20.775217
45.25,10.75,2011,8.10614,22.269314
45.25,10.75,2012,7.0202494,22.937918
45.25,10.75,2013,7.07726,21.31654
45.25,10.75,2014,8.391628,20.666481
45.25,10.75,2015,7.5357747,23.17358
45.25,10.75,2016,8.679302,21.958317
45.25,11.25,1982,4.801351,21.546808
45.25,11.25,1983,4.9087267,21.070965
45.25,11.25,1984,5.327264,18.982563
45.25,11.25,1985,5.224092,21.015863
45.25,11.25,1986,6.002492,21.045832
45.25,11.25,1987,6.626191,21.115452
45.25,11.25,1988,6.40109,20.997053
45.25,11.25,1989,6.614387,20.177504
45.25,11.25,1990,6.186036,21.065804
45.25,11.25,1991,5.7862134,21.133621
45.25,11.25,1992,7.1168137,22.003742
45.25,11.25,1993,6.708624,21.766245
45.25,11.25,1994,6.01379,22.302296
45.25,11.25,1995,6.8139253,20.00658
45.25,11.25,1996,7.444684,20.522722
45.25,11.25,1997,7.596265,21.452692
45.25,11.25,1998,8.126739,22.202549
45.25,11.25,1999,8.028351,21.902735
45.25,11.25,2000,7.884213,22.137665
45.25,11.25,2001,7.6335063,21.579647
45.25,11.25,2002,7.7279506,20.737934
45.25,11.25,2003,5.8591943,24.221558
45.25,11.25,2004,7.133088,21.2625
45.25,11.25,2005,7.431284,21.428268
45.25,11.25,2006,6.952218,22.02052
45.25,11.25,2007,6.6127415,21.48988
45.25,11.25,2008,7.4935327,21.357794
45.25,11.25,2009,6.0513306,22.688345
45.25,11.25,2010,7.204581,20.670937
45.25,11.25,2011,7.5782146,22.43719
45.25,11.25,2012,6.2893257,23.161245
45.25,11.25,2013,6.482508,21.235882
45.25,11.25,2014,8.241712,20.558342
45.25,11.25,2015,7.252713,23.101578
45.25,11.25,2016,8.293946,21.902506
45.25,11.75,1982,5.519755,21.476587
45.25,11.75,1983,5.0077124,21.177511
45.25,11.75,1984,4.9238048,19.084562
45.25,11.75,1985,5.080874,20.962315
45.25,11.75,1986,6.603864,21.065113
45.25,11.75,1987,6.721739,21.16373
45.25,11.75,1988,6.5881605,21.00046
45.25,11.75,1989,6.952885,20.15744
45.25,11.75,1990,6.606137,20.994257
45.25,11.75,1991,6.128191,21.02976
45.25,11.75,1992,7.76819,21.897835
45.25,11.75,1993,6.6061,21.881245
45.25,11.75,1994,6.117566,22.393126
45.25,11.75,1995,6.7697234,20.043625
45.25,11.75,1996,7.8858833,20.59608
45.25,11.75,1997,8.375258,21.460865
45.25,11.75,1998,7.984089,22.023409
45.25,11.75,1999,8.316123,21.832829
45.25,11.75,2000,8.29116,22.461262
45.25,11.75,2001,8.383632,21.529728
45.25,11.75,2002,8.628258,20.843166
45.25,11.75,2003,5.645721,24.02487
45.25,11.75,2004,7.920906,21.190624
45.25,11.75,2005,7.8224807,21.472158
45.25,11.75,2006,7.4545174,21.82199
45.25,11.75,2007,6.8768454,21.48035
45.25,11.75,2008,7.951819,21.267466
45.25,11.75,2009,6.102307,22.518562
45.25,11.75,2010,7.457653,20.764874
45.25,11.75,2011,7.5094657,22.603985
45.25,11.75,2012,5.7884555,23.242512
45.25,11.75,2013,6.3961034,21.236977
45.25,11.75,2014,8.534264,20.63
45.25,11.75,2015,7.9463267,22.89067
45.25,11.75,2016,8.13673,21.786627
45.75,7.75,1982,7.9988403,11.275995
45.75,7.75,1983,9.264055,10.8522625
45.75,7.75,1984,6.8280654,9.108157
45.75,7.75,1985,9.590843,11.016724
45.75,7.75,1986,8.99905,11.214847
45.75,7.75,1987,8.807402,10.806888
45.75,7.75,1988,9.4982815,10.941788
45.75,7.75,1989,9.527286,10.85616
45.75,7.75,1990,8.88962,11.348163
45.75,7.75,1991,8.037306,11.297918
45.75,7.75,1992,8.847802,11.151398
45.75,7.75,1993,11.297462,10.796556
45.75,7.75,1994,9.937777,11.810984
45.75,7.75,1995,11.782532,10.07808
45.75,7.75,1996,12.37599,9.98333
45.75,7.75,1997,14.096845,11.220647
45.75,7.75,1998,12.951544,11.450721
45.75,7.75,1999,12.180705,11.402811
45.75,7.75,2000,12.489388,11.415899
45.75,7.75,2001,13.663385,10.948476
45.75,7.75,2002,11.639803,10.636854
45.75,7.75,2003,11.068574,13.4379015
45.75,7.75,2004,11.955442,11.167218
45.75,7.75,2005,12.484079,11.6196575
45.75,7.75,2006,11.783445,11.817644
45.75,7.75,2007,12.572817,11.08502
45.75,7.75,2008,11.433407,10.9928875
45.75,7.75,2009,13.691683,12.274328
45.75,7.75,2010,12.151577,10.881828
45.75,7.75,2011,13.15223,12.046142
45.75,7.75,2012,10.934806,11.920403
45.75,7.75,2013,11.685977,10.961679
45.75,7.75,2014,12.873076,10.336356
45.75,7.75,2015,12.460378,12.389906
45.75,7.75,2016,12.706288,11.925941
45.75,8.25,1982,9.021864,16.510368
45.75,8.25,1983,8.403661,16.32767
45.75,8.25,1984,8.892251,14.512189
45.75,8.25,1985,9.948666,16.219614
45.75,8.25,1986,10.530522,16.355536
45.75,8.25,1987,9.001024,16.040562
45.75,8.25,1988,9.522743,16.275396
45.75,8.25,1989,10.387212,16.48813
45.75,8.25,1990,9.456173,16.594273
45.75,8.25,1991,8.934733,16.911886
45.75,8.25,1992,10.47866,16.357773
45.75,8.25,1993,11.893157,16.148119
45.75,8.25,1994,10.824807,17.186062
45.75,8.25,1995,12.403795,15.7677355
45.75,8.25,1996,12.534338,15.366361
45.75,8.25,1997,11.64442,16.559597
45.75,8.25,1998,12.107305,16.688236
45.75,8.25,1999,12.511145,16.708498
45.75,8.25,2000,12.8956585,16.910448
45.75,8.25,2001,12.025019,16.634443
45.75,8.25,2002,11.760546,16.237543
45.75,8.25,2003,10.347435,19.346386
45.75,8.25,2004,12.208952,16.934391
45.75,8.25,2005,12.334724,17.430157
45.75,8.25,2006,11.56885,17.596535
45.75,8.25,2007,14.362164,16.609802
45.75,8.25,2008,12.683275,16.400404
45.75,8.25,2009,12.509666,17.796673
45.75,8.25,2010,12.5527115,16.56303
45.75,8.25,2011,13.859832,17.597893
45.75,8.25,2012,11.605666,17.243214
45.75,8.25,2013,12.554061,16.61035
45.75,8.25,2014,14.8273735,16.160358
45.75,8.25,2015,13.856811,17.771484
45.75,8.25,2016,14.937776,17.417019
45.75,8.75,1982,8.970284,19.158417
45.75,8.75,1983,8.213062,19.068497
45.75,8.75,1984,8.330458,17.199125
45.75,8.75,1985,8.909618,18.750769
45.75,8.75,1986,9.282834,18.919643
45.75,8.75,1987,8.625525,18.578121
45.75,8.75,1988,8.974077,18.626287
45.75,8.75,1989,9.831083,19.130035
45.75,8.75,1990,8.830729,19.101038
45.75,8.75,1991,8.619292,19.783136
45.75,8.75,1992,9.931886,18.929852
45.75,8.75,1993,11.650749,18.854355
45.75,8.75,1994,10.625023,19.801344
45.75,8.75,1995,10.982313,18.283813
45.75,8.75,1996,11.3251295,17.957798
45.75,8.75,1997,11.200912,19.137817
45.75,8.75,1998,11.452307,19.396002
45.75,8.75,1999,11.314067,19.429842
45.75,8.75,2000,11.986255,19.499025
45.75,8.75,2001,12.213712,19.308914
45.75,8.75,2002,11.19821,18.67276
45.75,8.75,2003,9.464716,22.370525
45.75,8.75,2004,10.9092,19.784641
45.75,8.75,2005,11.260122,20.093096
45.75,8.75,2006,10.335868,20.38116
45.75,8.75,2007,12.439262,19.31885
45.75,8.75,2008,11.6170635,18.862919
45.75,8.75,2009,11.299595,20.577093
45.75,8.75,2010,11.44401,19.185108
45.75,8.75,2011,12.271167,20.229956
45.75,8.75,2012,10.45379,19.916088
45.75,8.75,2013,11.270458,19.315975
45.75,8.75,2014,13.433566,18.74067
45.75,8.75,2015,12.906575,20.458673
45.75,8.75,2016,13.856713,19.769691
45.75,9.25,1982,7.2988443,18.869152
45.75,9.25,1983,6.8050137,18.715342
45.75,9.25,1984,6.6503186,16.809643
45.75,9.25,1985,7.6990504,18.338161
45.75,9.25,1986,7.8272247,18.469082
45.75,9.25,1987,7.013308,18.227686
45.75,9.25,1988,7.017044,18.145006
45.75,9.25,1989,8.315594,18.327723
45.75,9.25,1990,7.429041,18.448273
45.75,9.25,1991,7.0870414,19.086824
45.75,9.25,1992,7.55225,18.605679
45.75,9.25,1993,9.145881,18.521088
45.75,9.25,1994,8.124083,19.499311
45.75,9.25,1995,8.6266,17.72758
45.75,9.25,1996,9.10169,17.588047
45.75,9.25,1997,9.882609,18.768364
45.75,9.25,1998,9.96241,19.090235
45.75,9.25,1999,9.948624,19.131123
45.75,9.25,2000,10.033193,19.171728
45.75,9.25,2001,10.505501,19.005459
45.75,9.25,2002,9.719499,18.162949
45.75,9.25,2003,8.131211,21.767168
45.75,9.25,2004,9.168414,19.032234
45.75,9.25,2005,9.529297,19.46744
45.75,9.25,2006,8.836662,19.813223
45.75,9.25,2007,10.062289,19.055801
45.75,9.25,2008,9.664484,18.43981
45.75,9.25,2009,9.261496,20.177204
45.75,9.25,2010,9.326606,18.642202
45.75,9.25,2011,10.126032,19.699253
45.75,9.25,2012,8.105949,19.601324
45.75,9.25,2013,8.580011,18.857586
45.75,9.25,2014,10.771399,18.272903
45.75,9.25,2015,9.695667,20.203735
45.75,9.25,2016,11.033478,19.18494
45.75,9.75,1982,7.704017,17.857761
45.75,9.75,1983,7.2773523,17.498169
45.75,9.75,1984,7.2989864,15.684126
45.75,9.75,1985,8.391438,17.26794
45.75,9.75,1986,7.9197774,17.445473
45.75,9.75,1987,7.525979,17.207842
45.75,9.75,1988,7.3673964,17.145521
45.75,9.75,1989,7.9161286,16.907362
45.75,9.75,1990,7.962071,17.317522
45.75,9.75,1991,7.199243,17.697262
45.75,9.75,1992,8.872735,17.718039
45.75,9.75,1993,9.4248085,17.516542
45.75,9.75,1994,8.449532,18.52153
45.75,9.75,1995,9.050561,16.581738
45.75,9.75,1996,8.994943,16.548548
45.75,9.75,1997,10.117523,17.709177
45.75,9.75,1998,9.451353,18.008
45.75,9.75,1999,9.956404,17.988623
45.75,9.75,2000,9.32941,18.100388
45.75,9.75,2001,9.752338,17.873898
45.75,9.75,2002,9.35595,17.152292
45.75,9.75,2003,7.6317744,20.165197
45.75,9.75,2004,9.568527,17.542639
45.75,9.75,2005,9.212203,18.02466
45.75,9.75,2006,8.98508,18.434628
45.75,9.75,2007,9.380413,17.949348
45.75,9.75,2008,9.558343,17.465405
45.75,9.75,2009,9.010805,18.900436
45.75,9.75,2010,9.119189,17.439407
45.75,9.75,2011,10.332415,18.373907
45.75,9.75,2012,8.616923,18.467745
45.75,9.75,2013,9.112894,17.672647
45.75,9.75,2014,10.918895,17.201107
45.75,9.75,2015,8.796683,19.213299
45.75,9.75,2016,11.082887,18.164318
45.75,10.25,1982,7.7526035,16.887697
45.75,10.25,1983,7.565163,16.493998
45.75,10.25,1984,7.9456725,14.65683
45.75,10.25,1985,7.999366,16.223051
45.75,10.25,1986,8.3227,16.48466
45.75,10.25,1987,7.4947753,16.216528
45.75,10.25,1988,8.312504,16.280567
45.75,10.25,1989,9.415609,15.821768
45.75,10.25,1990,8.556229,16.454662
45.75,10.25,1991,8.148989,16.439686
45.75,10.25,1992,8.7615595,16.94993
45.75,10.25,1993,9.669772,16.514072
45.75,10.25,1994,9.507929,17.485
45.75,10.25,1995,10.267757,15.607361
45.75,10.25,1996,10.401631,15.626205
45.75,10.25,1997,11.282176,16.66335
45.75,10.25,1998,10.99113,16.89936
45.75,10.25,1999,10.785735,16.978405
45.75,10.25,2000,10.949452,17.023556
45.75,10.25,2001,10.091274,16.822647
45.75,10.25,2002,9.950884,16.244682
45.75,10.25,2003,8.615011,19.000416
45.75,10.25,2004,10.059085,16.380594
45.75,10.25,2005,9.663212,16.75658
45.75,10.25,2006,9.6495,17.24858
45.75,10.25,2007,10.243727,16.819849
45.75,10.25,2008,10.1873255,16.62639
45.75,10.25,2009,9.533155,17.809143
45.75,10.25,2010,9.538262,16.420515
45.75,10.25,2011,10.582709,17.37019
45.75,10.25,2012,8.634377,17.474667
45.75,10.25,2013,8.994177,16.656275
45.75,10.25,2014,10.802343,16.191357
45.75,10.25,2015,8.994026,18.197392
45.75,10.25,2016,10.871579,17.318193
45.75,10.75,1982,6.7680616,17.904776
45.75,10.75,1983,7.8808317,17.56234
45.75,10.75,1984,7.3721366,15.542923
45.75,10.75,1985,7.637709,17.250912
45.75,10.75,1986,7.987712,17.429081
45.75,10.75,1987,7.387733,17.14256
45.75,10.75,1988,8.100915,17.374395
45.75,10.75,1989,9.4505205,16.801598
45.75,10.75,1990,8.857916,17.429958
45.75,10.75,1991,7.890145,17.286152
45.75,10.75,1992,8.714256,18.073477
45.75,10.75,1993,9.327409,17.550182
45.75,10.75,1994,9.752445,18.473017
45.75,10.75,1995,10.221874,16.637722
45.75,10.75,1996,10.501092,16.69319
45.75,10.75,1997,10.686397,17.570084
45.75,10.75,1998,11.23759,17.911798
45.75,10.75,1999,10.508489,17.928766
45.75,10.75,2000,10.673003,18.14629
45.75,10.75,2001,10.784091,17.869883
45.75,10.75,2002,10.308226,17.277494
45.75,10.75,2003,8.714975,20.013306
45.75,10.75,2004,9.476779,17.375782
45.75,10.75,2005,9.993429,17.657766
45.75,10.75,2006,9.685064,18.279034
45.75,10.75,2007,10.65946,17.794065
45.75,10.75,2008,9.944576,17.726154
45.75,10.75,2009,10.413651,18.843985
45.75,10.75,2010,10.118992,17.38897
45.75,10.75,2011,11.369618,18.516768
45.75,10.75,2012,9.666827,18.521698
45.75,10.75,2013,10.286296,17.722086
45.75,10.75,2014,11.114329,17.148403
45.75,10.75,2015,11.062155,19.239124
45.75,10.75,2016,11.787146,18.415442
45.75,11.25,1982,9.947067,17.334728
45.75,11.25,1983,10.558717,17.12584
45.75,11.25,1984,7.95044,15.044375
45.75,11.25,1985,9.753852,16.716177
45.75,11.25,1986,10.524577,16.930517
45.75,11.25,1987,10.717555,16.621918
45.75,11.25,1988,10.257309,16.868914
45.75,11.25,1989,11.658499,16.175707
45.75,11.25,1990,11.281312,16.701756
45.75,11.25,1991,10.345902,16.700762
45.75,11.25,1992,11.796757,17.330008
45.75,11.25,1993,12.365039,17.09576
45.75,11.25,1994,11.384992,17.937952
45.75,11.25,1995,13.432696,16.071377
45.75,11.25,1996,14.469373,16.050922
45.75,11.25,1997,14.261217,16.989742
45.75,11.25,1998,13.119263,17.294813
45.75,11.25,1999,14.245879,17.398968
45.75,11.25,2000,14.1478615,17.58929
45.75,11.25,2001,14.116917,17.245289
45.75,11.25,2002,13.392549,16.732464
45.75,11.25,2003,11.507745,19.42787
45.75,11.25,2004,13.033745,16.813328
45.75,11.25,2005,13.514948,17.13044
45.75,11.25,2006,12.915876,17.613972
45.75,11.25,2007,13.791786,17.047724
45.75,11.25,2008,14.040332,17.00092
45.75,11.25,2009,13.400379,18.101063
45.75,11.25,2010,12.801236,16.837595
45.75,11.25,2011,14.267104,17.963518
45.75,11.25,2012,12.392317,18.029293
45.75,11.25,2013,12.840669,17.15932
45.75,11.25,2014,14.636307,16.5147
45.75,11.25,2015,14.204919,18.504078
45.75,11.25,2016,14.828268,17.639095
45.75,11.75,1982,7.480489,18.85918
45.75,11.75,1983,6.8719587,18.716263
45.75,11.75,1984,6.2471323,16.523798
45.75,11.75,1985,7.2415233,18.220005
45.75,11.75,1986,8.391705,18.448832
45.75,11.75,1987,8.053878,18.175983
45.75,11.75,1988,7.4159427,18.332287
45.75,11.75,1989,8.623773,17.645596
45.75,11.75,1990,8.271249,18.16121
45.75,11.75,1991,7.785793,18.181902
45.75,11.75,1992,9.066018,18.78318
45.75,11.75,1993,8.975515,19.009336
45.75,11.75,1994,7.5631857,19.588015
45.75,11.75,1995,9.529788,17.611547
45.75,11.75,1996,10.238659,17.656237
45.75,11.75,1997,9.985154,18.661833
45.75,11.75,1998,9.315678,18.871267
45.75,11.75,1999,10.1527195,19.046108
45.75,11.75,2000,9.881004,19.382353
45.75,11.75,2001,10.402335,18.765789
45.75,11.75,2002,10.011255,18.322447
45.75,11.75,2003,7.8159976,20.948963
45.75,11.75,2004,9.872341,18.392532
45.75,11.75,2005,9.765911,18.705019
45.75,11.75,2006,9.2512245,19.0268
45.75,11.75,2007,9.839598,18.5053
45.75,11.75,2008,10.0468025,18.456856
45.75,11.75,2009,9.342804,19.651108
45.75,11.75,2010,9.456535,18.451626
45.75,11.75,2011,10.472031,19.707518
45.75,11.75,2012,8.888397,19.798964
45.75,11.75,2013,8.892824,18.740055
45.75,11.75,2014,10.621449,18.18631
45.75,11.75,2015,10.0093,20.005627
45.75,11.75,2016,10.450276,19.110443
46.25,11.75,1982,10.581199,12.92798
46.25,11.75,1983,10.500502,12.804497
46.25,11.75,1984,7.525077,10.629625
46.25,11.75,1985,10.576287,12.292475
46.25,11.75,1986,10.993839,12.52141
46.25,11.75,1987,11.057937,12.208919
46.25,11.75,1988,10.264868,12.235209
46.25,11.75,1989,10.618514,11.557737
46.25,11.75,1990,11.913484,12.255819
46.25,11.75,1991,10.590961,12.257481
46.25,11.75,1992,11.966281,12.948633
46.25,11.75,1993,11.797613,12.436931
46.25,11.75,1994,11.132935,13.4514675
46.25,11.75,1995,13.899049,11.756454
46.25,11.75,1996,15.009338,11.495721
46.25,11.75,1997,14.587532,12.620021
46.25,11.75,1998,12.5043745,12.782938
46.25,11.75,1999,13.786914,12.957155
46.25,11.75,2000,13.831847,12.8209
46.25,11.75,2001,15.219181,12.296835
46.25,11.75,2002,14.082443,12.212822
46.25,11.75,2003,12.663667,14.325073
46.25,11.75,2004,14.071748,12.053797
46.25,11.75,2005,14.155311,12.461987
46.25,11.75,2006,14.095459,12.7248
46.25,11.75,2007,13.9895315,12.368395
46.25,11.75,2008,14.21648,12.289061
46.25,11.75,2009,13.555146,13.16308
46.25,11.75,2010,12.869674,12.294828
46.25,11.75,2011,13.519175,13.196393
46.25,11.75,2012,13.178818,13.255762
46.25,11.75,2013,13.321417,12.464148
46.25,11.75,2014,13.740875,11.815888
46.25,11.75,2015,13.56321,13.663922
46.25,11.75,2016,13.748293,12.98927
46.25,12.25,1982,10.095251,14.431292
46.25,12.25,1983,11.583255,14.3037
46.25,12.25,1984,8.26808,12.098516
46.25,12.25,1985,10.692729,13.765927
46.25,12.25,1986,10.619548,14.007207
46.25,12.25,1987,10.155137,13.666278
46.25,12.25,1988,10.02288,13.941772
46.25,12.25,1989,11.557099,13.303003
46.25,12.25,1990,12.262858,13.722288
46.25,12.25,1991,11.424536,13.797808
46.25,12.25,1992,12.382835,14.49882
46.25,12.25,1993,12.052741,14.02815
46.25,12.25,1994,11.904126,14.986765
46.25,12.25,1995,13.247571,13.318392
46.25,12.25,1996,15.243782,13.066409
46.25,12.25,1997,15.435394,14.059662
46.25,12.25,1998,12.967604,14.357971
46.25,12.25,1999,14.117486,14.57442
46.25,12.25,2000,14.732993,14.507399
46.25,12.25,2001,15.541712,14.085991
46.25,12.25,2002,13.898812,14.04487
46.25,12.25,2003,13.418419,16.05751
46.25,12.25,2004,14.4411125,13.662577
46.25,12.25,2005,14.37081,14.106392
46.25,12.25,2006,14.245734,14.402504
46.25,12.25,2007,14.881736,14.133177
46.25,12.25,2008,15.053716,14.04614
46.25,12.25,2009,14.475494,14.933172
46.25,12.25,2010,13.534311,14.092453
46.25,12.25,2011,14.693397,15.022876
46.25,12.25,2012,13.630974,15.049292
46.25,12.25,2013,13.782024,14.298445
46.25,12.25,2014,14.32082,13.696482
46.25,12.25,2015,14.473115,15.374392
46.25,12.25,2016,15.134072,14.767848
46.75,12.25,1982,6.8897614,9.224401
46.75,12.25,1983,8.195422,9.106028
46.75,12.25,1984,4.561365,6.904798
46.75,12.25,1985,7.734969,8.375458
46.75,12.25,1986,7.2736335,8.812143
46.75,12.25,1987,7.7637553,8.2949505
46.75,12.25,1988,6.9284306,8.649943
46.75,12.25,1989,8.381265,7.872331
46.75,12.25,1990,9.129684,8.383522
46.75,12.25,1991,6.857875,8.170465
46.75,12.25,1992,8.590587,9.130915
46.75,12.25,1993,8.372891,8.505369
46.75,12.25,1994,9.229665,9.803375
46.75,12.25,1995,10.094435,7.9017982
46.75,12.25,1996,12.102727,7.6877046
46.75,12.25,1997,11.682617,8.829584
46.75,12.25,1998,9.299205,8.954486
46.75,12.25,1999,10.936444,9.303015
46.75,12.25,2000,10.745741,9.195931
46.75,12.25,2001,11.721226,8.4520855
46.75,12.25,2002,10.504953,8.842792
46.75,12.25,2003,10.3095255,10.7170105
46.75,12.25,2004,11.102172,8.3295
46.75,12.25,2005,11.493715,8.834158
46.75,12.25,2006,10.440698,9.1502695
46.75,12.25,2007,10.309816,8.781676
46.75,12.25,2008,10.4396515,8.720812
46.75,12.25,2009,10.076098,9.454062
46.75,12.25,2010,9.589375,8.57789
46.75,12.25,2011,9.771048,9.462502
46.75,12.25,2012,9.465651,9.651011
46.75,12.25,2013,9.626763,8.875242
46.75,12.25,2014,10.013489,8.183981
46.75,12.25,2015,9.779673,10.083391
46.75,12.25,2016,10.088157,9.465785
