lat,lon,year,potential_evaporation
43.75,11.75,1982,23156.09561920166
43.75,11.75,1983,23922.15379714966
43.75,11.75,1984,21844.37561416626
43.75,11.75,1985,25348.821086883545
43.75,11.75,1986,23636.352825164795
43.75,11.75,1987,24770.078578948975
43.75,11.75,1988,24186.022338867188
43.75,11.75,1989,21888.563541412354
43.75,11.75,1990,25161.244400024414
43.75,11.75,1991,24146.267108917236
43.75,11.75,1992,24005.82758331299
43.75,11.75,1993,26390.264087677002
43.75,11.75,1994,26385.091621398926
43.75,11.75,1995,22263.53868484497
43.75,11.75,1996,23247.968605041504
43.75,11.75,1997,25323.424278259277
43.75,11.75,1998,27148.592617034912
43.75,11.75,1999,24793.96059036255
43.75,11.75,2000,27171.640342712402
43.75,11.75,2001,25700.249130249023
43.75,11.75,2002,21836.864959716797
43.75,11.75,2003,29847.42551422119
43.75,11.75,2004,25952.883373260498
43.75,11.75,2005,25076.69033432007
43.75,11.75,2006,26887.524353027344
43.75,11.75,2007,26746.59450531006
43.75,11.75,2008,24683.35329437256
43.75,11.75,2009,26782.321884155273
43.75,11.75,2010,23261.937812805176
43.75,11.75,2011,27917.622493743896
43.75,11.75,2012,27697.880962371826
43.75,11.75,2013,24633.18413543701
43.75,11.75,2014,22580.33921813965
43.75,11.75,2015,25987.901985168457
43.75,11.75,2016,24980.79620361328
43.75,12.25,1982,24729.935932159424
43.75,12.25,1983,25684.995449066162
43.75,12.25,1984,24264.788177490234
43.75,12.25,1985,26846.76739883423
43.75,12.25,1986,24826.245162963867
43.75,12.25,1987,26436.963844299316
43.75,12.25,1988,25379.793800354004
43.75,12.25,1989,22874.678604125977
43.75,12.25,1990,26929.78310394287
43.75,12.25,1991,25708.557975769043
43.75,12.25,1992,25776.715118408203
43.75,12.25,1993,28419.782386779785
43.75,12.25,1994,27901.411960601807
43.75,12.25,1995,23583.767852783203
43.75,12.25,1996,25188.744289398193
43.75,12.25,1997,27084.345222473145
43.75,12.25,1998,28863.23215484619
43.75,12.25,1999,26034.857482910156
43.75,12.25,2000,29216.916137695312
43.75,12.25,2001,28096.87239074707
43.75,12.25,2002,23042.35572052002
43.75,12.25,2003,30168.074020385742
43.75,12.25,2004,27154.775859832764
43.75,12.25,2005,25915.529571533203
43.75,12.25,2006,27591.525283813477
43.75,12.25,2007,29342.01823425293
43.75,12.25,2008,26684.25680923462
43.75,12.25,2009,27674.977924346924
43.75,12.25,2010,24977.09275817871
43.75,12.25,2011,29148.22093963623
43.75,12.25,2012,29719.235607147217
43.75,12.25,2013,25783.436073303223
43.75,12.25,2014,23815.276428222656
43.75,12.25,2015,27282.755619049072
43.75,12.25,2016,25337.193363189697
44.25,6.75,1982,22428.78240966797
44.25,6.75,1983,20694.259826660156
44.25,6.75,1984,20600.88708114624
44.25,6.75,1985,25021.962141036987
44.25,6.75,1986,22659.920694351196
44.25,6.75,1987,23022.526405334473
44.25,6.75,1988,22623.930421829224
44.25,6.75,1989,24104.207725524902
44.25,6.75,1990,24667.68857574463
44.25,6.75,1991,24855.614307403564
44.25,6.75,1992,22497.747402191162
44.25,6.75,1993,24861.36532974243
44.25,6.75,1994,24725.93451690674
44.25,6.75,1995,21761.317428588867
44.25,6.75,1996,21519.029090881348
44.25,6.75,1997,24202.599494934082
44.25,6.75,1998,26792.25076675415
44.25,6.75,1999,24125.586948394775
44.25,6.75,2000,26642.514644622803
44.25,6.75,2001,27051.95877456665
44.25,6.75,2002,23016.558837890625
44.25,6.75,2003,28940.96427154541
44.25,6.75,2004,26095.360399246216
44.25,6.75,2005,25731.74668121338
44.25,6.75,2006,26170.2745513916
44.25,6.75,2007,27178.890907287598
44.25,6.75,2008,24333.9262676239
44.25,6.75,2009,26969.807292938232
44.25,6.75,2010,23147.16466140747
44.25,6.75,2011,25503.172634124756
44.25,6.75,2012,28561.036193847656
44.25,6.75,2013,22859.14344406128
44.25,6.75,2014,23485.576984405518
44.25,6.75,2015,26600.65411376953
44.25,6.75,2016,26720.73232269287
44.25,7.25,1982,23646.979007720947
44.25,7.25,1983,23053.0767288208
44.25,7.25,1984,21870.380641937256
44.25,7.25,1985,26191.785758972168
44.25,7.25,1986,23766.18133163452
44.25,7.25,1987,24630.923755645752
44.25,7.25,1988,23917.037406921387
44.25,7.25,1989,24995.75396347046
44.25,7.25,1990,25469.99419784546
44.25,7.25,1991,26476.551418304443
44.25,7.25,1992,23081.840663909912
44.25,7.25,1993,25857.308280944824
44.25,7.25,1994,25733.739990234375
44.25,7.25,1995,23296.779121398926
44.25,7.25,1996,23564.046947479248
44.25,7.25,1997,25985.173347473145
44.25,7.25,1998,27938.09376525879
44.25,7.25,1999,25303.704597473145
44.25,7.25,2000,27213.904529571533
44.25,7.25,2001,28293.879398345947
44.25,7.25,2002,22701.42901611328
44.25,7.25,2003,31067.380645751953
44.25,7.25,2004,27615.442337036133
44.25,7.25,2005,26177.058025360107
44.25,7.25,2006,27981.713104248047
44.25,7.25,2007,28606.666007995605
44.25,7.25,2008,25663.920570373535
44.25,7.25,2009,27724.22315597534
44.25,7.25,2010,24881.07746887207
44.25,7.25,2011,26174.812156677246
44.25,7.25,2012,27766.694355010986
44.25,7.25,2013,24728.440029144287
44.25,7.25,2014,23774.341552734375
44.25,7.25,2015,25654.061908721924
44.25,7.25,2016,27227.568351745605
44.25,7.75,1982,24429.290840148926
44.25,7.75,1983,23623.987255096436
44.25,7.75,1984,22282.824291229248
44.25,7.75,1985,25274.157176971436
44.25,7.75,1986,24419.33222579956
44.25,7.75,1987,25180.807971954346
44.25,7.75,1988,24467.068954467773
44.25,7.75,1989,25007.899532318115
44.25,7.75,1990,24964.910694122314
44.25,7.75,1991,26834.9383392334
44.25,7.75,1992,22928.63798904419
44.25,7.75,1993,25771.420303344727
44.25,7.75,1994,25494.8042678833
44.25,7.75,1995,23711.096168518066
44.25,7.75,1996,24601.243446350098
44.25,7.75,1997,26115.800468444824
44.25,7.75,1998,27261.807083129883
44.25,7.75,1999,25299.219268798828
44.25,7.75,2000,26139.671058654785
44.25,7.75,2001,27625.56031036377
44.25,7.75,2002,22430.83791732788
44.25,7.75,2003,31145.086555480957
44.25,7.75,2004,27018.626403808594
44.25,7.75,2005,25980.54314804077
44.25,7.75,2006,28221.80304336548
44.25,7.75,2007,28218.936698913574
44.25,7.75,2008,25118.06764984131
44.25,7.75,2009,28604.818084716797
44.25,7.75,2010,25271.40279006958
44.25,7.75,2011,26733.847812652588
44.25,7.75,2012,26472.656352996826
44.25,7.75,2013,25361.01989364624
44.25,7.75,2014,23193.533740997314
44.25,7.75,2015,25567.017917633057
44.25,7.75,2016,26921.885055541992
44.25,10.75,1982,31566.912185668945
44.25,10.75,1983,32239.59087753296
44.25,10.75,1984,28662.87273788452
44.25,10.75,1985,32919.98787689209
44.25,10.75,1986,32107.900360107422
44.25,10.75,1987,32898.87757873535
44.25,10.75,1988,32572.08839035034
44.25,10.75,1989,29445.101669311523
44.25,10.75,1990,33473.61476898193
44.25,10.75,1991,33335.113929748535
44.25,10.75,1992,33594.91474914551
44.25,10.75,1993,34405.13731384277
44.25,10.75,1994,34453.42046356201
44.25,10.75,1995,30390.85304260254
44.25,10.75,1996,31923.04979324341
44.25,10.75,1997,33042.39621734619
44.25,10.75,1998,37217.62209320068
44.25,10.75,1999,32373.095134735107
44.25,10.75,2000,35681.723487854004
44.25,10.75,2001,34708.457931518555
44.25,10.75,2002,28996.86741256714
44.25,10.75,2003,41589.83759307861
44.25,10.75,2004,34108.4984664917
44.25,10.75,2005,33305.78169250488
44.25,10.75,2006,36520.92583465576
44.25,10.75,2007,36003.32698059082
44.25,10.75,2008,32514.521850585938
44.25,10.75,2009,36176.94520568848
44.25,10.75,2010,30314.529190063477
44.25,10.75,2011,37536.95576477051
44.25,10.75,2012,37390.03400802612
44.25,10.75,2013,34426.06727600098
44.25,10.75,2014,29239.183948516846
44.25,10.75,2015,35620.972229003906
44.25,10.75,2016,34677.939308166504
44.25,11.25,1982,27230.77085494995
44.25,11.25,1983,28314.72426223755
44.25,11.25,1984,25564.475566864014
44.25,11.25,1985,28927.224884033203
44.25,11.25,1986,27443.28286743164
44.25,11.25,1987,29443.76336288452
44.25,11.25,1988,28406.014114379883
44.25,11.25,1989,25317.57830429077
44.25,11.25,1990,29030.407722473145
44.25,11.25,1991,28679.153285980225
44.25,11.25,1992,29742.836837768555
44.25,11.25,1993,30786.49422454834
44.25,11.25,1994,29393.8483543396
44.25,11.25,1995,26238.3874168396
44.25,11.25,1996,27989.259017944336
44.25,11.25,1997,29479.15594482422
44.25,11.25,1998,32453.686866760254
44.25,11.25,1999,28568.124252319336
44.25,11.25,2000,31372.344383239746
44.25,11.25,2001,30007.2583694458
44.25,11.25,2002,25180.010444641113
44.25,11.25,2003,35097.8303604126
44.25,11.25,2004,29869.362339019775
44.25,11.25,2005,29301.11846923828
44.25,11.25,2006,31016.256317138672
44.25,11.25,2007,32127.09694290161
44.25,11.25,2008,28678.94938659668
44.25,11.25,2009,31397.495567321777
44.25,11.25,2010,26975.341598510742
44.25,11.25,2011,32933.62996673584
44.25,11.25,2012,33300.29308319092
44.25,11.25,2013,29674.71106338501
44.25,11.25,2014,25713.980392456055
44.25,11.25,2015,30322.488761901855
44.25,11.25,2016,30180.06928253174
44.25,11.75,1982,25056.25845336914
44.25,11.75,1983,26294.750129699707
44.25,11.75,1984,24561.412467956543
44.25,11.75,1985,26933.95026397705
44.25,11.75,1986,25264.584846496582
44.25,11.75,1987,27838.471710205078
44.25,11.75,1988,26296.774394989014
44.25,11.75,1989,23640.973320007324
44.25,11.75,1990,26966.441104888916
44.25,11.75,1991,26636.21555328369
44.25,11.75,1992,27953.950286865234
44.25,11.75,1993,29307.767532348633
44.25,11.75,1994,27483.489223480225
44.25,11.75,1995,24111.134296417236
44.25,11.75,1996,26310.087810516357
44.25,11.75,1997,27652.893047332764
44.25,11.75,1998,30079.646312713623
44.25,11.75,1999,26643.9564743042
44.25,11.75,2000,29858.376182556152
44.25,11.75,2001,28245.843635559082
44.25,11.75,2002,23152.680713653564
44.25,11.75,2003,31100.24541091919
44.25,11.75,2004,27775.54751586914
44.25,11.75,2005,26558.351554870605
44.25,11.75,2006,27542.173725128174
44.25,11.75,2007,30319.546474456787
44.25,11.75,2008,26695.857982635498
44.25,11.75,2009,28691.42604446411
44.25,11.75,2010,24935.426879882812
44.25,11.75,2011,30221.823040008545
44.25,11.75,2012,31326.964931488037
44.25,11.75,2013,27191.98707962036
44.25,11.75,2014,23559.301288604736
44.25,11.75,2015,27794.597911834717
44.25,11.75,2016,26939.102268218994
44.75,6.75,1982,22094.730165481567
44.75,6.75,1983,19791.85827255249
44.75,6.75,1984,20050.523148536682
44.75,6.75,1985,25607.77451133728
44.75,6.75,1986,23756.75374031067
44.75,6.75,1987,24050.000415802002
44.75,6.75,1988,23968.786153793335
44.75,6.75,1989,25446.778621673584
44.75,6.75,1990,25968.249057769775
44.75,6.75,1991,25060.953094482422
44.75,6.75,1992,22958.135501861572
44.75,6.75,1993,24824.795156478882
44.75,6.75,1994,23921.32333946228
44.75,6.75,1995,21705.97115135193
44.75,6.75,1996,20864.483757019043
44.75,6.75,1997,23929.25280189514
44.75,6.75,1998,27436.63440513611
44.75,6.75,1999,23901.223291397095
44.75,6.75,2000,26203.460803985596
44.75,6.75,2001,26230.73787689209
44.75,6.75,2002,23005.52611541748
44.75,6.75,2003,29850.67307281494
44.75,6.75,2004,26010.623668670654
44.75,6.75,2005,26433.18838119507
44.75,6.75,2006,26045.00620651245
44.75,6.75,2007,27896.465858459473
44.75,6.75,2008,25652.011196136475
44.75,6.75,2009,27533.130758285522
44.75,6.75,2010,23957.40558242798
44.75,6.75,2011,26473.66513824463
44.75,6.75,2012,28169.974617004395
44.75,6.75,2013,23596.70792198181
44.75,6.75,2014,22666.376621246338
44.75,6.75,2015,26211.41653060913
44.75,6.75,2016,26684.949417114258
44.75,7.25,1982,18283.66375350952
44.75,7.25,1983,18353.03625869751
44.75,7.25,1984,18000.019231796265
44.75,7.25,1985,19654.498849868774
44.75,7.25,1986,18373.727703094482
44.75,7.25,1987,19802.829723358154
44.75,7.25,1988,18732.388904571533
44.75,7.25,1989,20450.140811920166
44.75,7.25,1990,20331.3705368042
44.75,7.25,1991,21605.383655548096
44.75,7.25,1992,18287.451587677002
44.75,7.25,1993,20124.672718048096
44.75,7.25,1994,19842.013944625854
44.75,7.25,1995,19501.669132232666
44.75,7.25,1996,18889.51872253418
44.75,7.25,1997,20679.81037902832
44.75,7.25,1998,22059.582206726074
44.75,7.25,1999,19547.077056884766
44.75,7.25,2000,21060.353199005127
44.75,7.25,2001,21750.346744537354
44.75,7.25,2002,17974.7257232666
44.75,7.25,2003,25203.018138885498
44.75,7.25,2004,21583.505184173584
44.75,7.25,2005,21541.78399658203
44.75,7.25,2006,22738.66845703125
44.75,7.25,2007,22104.48740386963
44.75,7.25,2008,18967.69411468506
44.75,7.25,2009,21717.774570465088
44.75,7.25,2010,19827.010665893555
44.75,7.25,2011,21320.79192352295
44.75,7.25,2012,20155.50891494751
44.75,7.25,2013,20625.450954437256
44.75,7.25,2014,19028.344425201416
44.75,7.25,2015,19879.80965423584
44.75,7.25,2016,21454.502117156982
44.75,7.75,1982,19047.78324508667
44.75,7.75,1983,18737.5743598938
44.75,7.75,1984,18210.645011901855
44.75,7.75,1985,19793.494010925293
44.75,7.75,1986,18892.84812927246
44.75,7.75,1987,20529.46129989624
44.75,7.75,1988,19103.89526939392
44.75,7.75,1989,20963.479511260986
44.75,7.75,1990,20683.646633148193
44.75,7.75,1991,22318.845817565918
44.75,7.75,1992,18146.121139526367
44.75,7.75,1993,20637.434978485107
44.75,7.75,1994,19558.60941696167
44.75,7.75,1995,19663.640144348145
44.75,7.75,1996,20082.18603515625
44.75,7.75,1997,21751.41701889038
44.75,7.75,1998,22942.268669128418
44.75,7.75,1999,20235.57587814331
44.75,7.75,2000,20810.6103515625
44.75,7.75,2001,21989.49462890625
44.75,7.75,2002,17869.13200378418
44.75,7.75,2003,26772.547073364258
44.75,7.75,2004,22545.8363571167
44.75,7.75,2005,21807.703937530518
44.75,7.75,2006,23961.287395477295
44.75,7.75,2007,22701.098705291748
44.75,7.75,2008,19578.168033599854
44.75,7.75,2009,23504.35216140747
44.75,7.75,2010,20269.438385009766
44.75,7.75,2011,22244.48024368286
44.75,7.75,2012,20339.23561477661
44.75,7.75,2013,21549.436729431152
44.75,7.75,2014,18841.94079208374
44.75,7.75,2015,20018.810474395752
44.75,7.75,2016,22191.652713775635
44.75,8.25,1982,22610.585289001465
44.75,8.25,1983,21849.932991027832
44.75,8.25,1984,21247.481884002686
44.75,8.25,1985,23559.997283935547
44.75,8.25,1986,22724.00442123413
44.75,8.25,1987,24347.04983139038
44.75,8.25,1988,22856.972591400146
44.75,8.25,1989,23629.063888549805
44.75,8.25,1990,24352.472270965576
44.75,8.25,1991,26926.85029220581
44.75,8.25,1992,21167.80707550049
44.75,8.25,1993,24594.81177520752
44.75,8.25,1994,23288.08638381958
44.75,8.25,1995,22921.455253601074
44.75,8.25,1996,23540.249908447266
44.75,8.25,1997,24956.37700653076
44.75,8.25,1998,25884.95979309082
44.75,8.25,1999,24095.391849517822
44.75,8.25,2000,25135.64680480957
44.75,8.25,2001,26557.676342010498
44.75,8.25,2002,21010.027599334717
44.75,8.25,2003,30479.081439971924
44.75,8.25,2004,26487.414093017578
44.75,8.25,2005,24728.64295578003
44.75,8.25,2006,27717.219165802002
44.75,8.25,2007,27190.592445373535
44.75,8.25,2008,22474.863372802734
44.75,8.25,2009,27314.403659820557
44.75,8.25,2010,24213.940212249756
44.75,8.25,2011,26616.523361206055
44.75,8.25,2012,24923.436367034912
44.75,8.25,2013,24487.169403076172
44.75,8.25,2014,21767.464736938477
44.75,8.25,2015,23709.310649871826
44.75,8.25,2016,25908.462776184082
44.75,8.75,1982,29286.702529907227
44.75,8.75,1983,27854.056915283203
44.75,8.75,1984,26914.512897491455
44.75,8.75,1985,30626.373344421387
44.75,8.75,1986,29445.079021453857
44.75,8.75,1987,31131.84285736084
44.75,8.75,1988,29457.56848526001
44.75,8.75,1989,31103.814376831055
44.75,8.75,1990,32643.092250823975
44.75,8.75,1991,34912.18097305298
44.75,8.75,1992,27200.045265197754
44.75,8.75,1993,32541.319049835205
44.75,8.75,1994,30647.549423217773
44.75,8.75,1995,30384.51861190796
44.75,8.75,1996,30133.07520675659
44.75,8.75,1997,32666.466773986816
44.75,8.75,1998,34342.840770721436
44.75,8.75,1999,31176.354160308838
44.75,8.75,2000,33796.453800201416
44.75,8.75,2001,35109.55855178833
44.75,8.75,2002,27311.4345703125
44.75,8.75,2003,39901.96053314209
44.75,8.75,2004,35726.79104232788
44.75,8.75,2005,32201.732620239258
44.75,8.75,2006,36378.63278961182
44.75,8.75,2007,34221.527503967285
44.75,8.75,2008,29513.736328125
44.75,8.75,2009,35825.393898010254
44.75,8.75,2010,31112.094772338867
44.75,8.75,2011,33789.74361419678
44.75,8.75,2012,33674.60111618042
44.75,8.75,2013,31291.623332977295
44.75,8.75,2014,28029.07388305664
44.75,8.75,2015,30860.23197555542
44.75,8.75,2016,34554.14609527588
44.75,9.25,1982,30078.79178237915
44.75,9.25,1983,29771.37261199951
44.75,9.25,1984,27915.888759613037
44.75,9.25,1985,31704.84112930298
44.75,9.25,1986,30413.17579650879
44.75,9.25,1987,31444.113040924072
44.75,9.25,1988,29004.41257095337
44.75,9.25,1989,30511.28638458252
44.75,9.25,1990,32371.25244140625
44.75,9.25,1991,34845.044620513916
44.75,9.25,1992,29301.661651611328
44.75,9.25,1993,32690.042987823486
44.75,9.25,1994,32617.63902282715
44.75,9.25,1995,30795.44906616211
44.75,9.25,1996,30671.516040802002
44.75,9.25,1997,32755.63719177246
44.75,9.25,1998,35053.32218170166
44.75,9.25,1999,31139.330348968506
44.75,9.25,2000,33894.75688934326
44.75,9.25,2001,34589.60417175293
44.75,9.25,2002,27207.817428588867
44.75,9.25,2003,39978.0132522583
44.75,9.25,2004,35812.47514343262
44.75,9.25,2005,32105.430793762207
44.75,9.25,2006,36476.940490722656
44.75,9.25,2007,34282.54220581055
44.75,9.25,2008,30065.60378265381
44.75,9.25,2009,36050.536125183105
44.75,9.25,2010,30119.60259246826
44.75,9.25,2011,33621.36330413818
44.75,9.25,2012,33887.14663696289
44.75,9.25,2013,31880.803218841553
44.75,9.25,2014,27985.35364151001
44.75,9.25,2015,32027.550750732422
44.75,9.25,2016,33429.97404098511
44.75,9.75,1982,21966.01591873169
44.75,9.75,1983,22004.085571289062
44.75,9.75,1984,20322.488828659058
44.75,9.75,1985,22800.34034729004
44.75,9.75,1986,21985.290115356445
44.75,9.75,1987,23029.645168304443
44.75,9.75,1988,21321.30934524536
44.75,9.75,1989,21555.51976776123
44.75,9.75,1990,23155.26206588745
44.75,9.75,1991,24805.191844940186
44.75,9.75,1992,22605.04446029663
44.75,9.75,1993,23896.369606018066
44.75,9.75,1994,23398.5366897583
44.75,9.75,1995,22231.126499176025
44.75,9.75,1996,22856.88013458252
44.75,9.75,1997,23691.285312652588
44.75,9.75,1998,25483.611534118652
44.75,9.75,1999,22909.558891296387
44.75,9.75,2000,24465.000972747803
44.75,9.75,2001,24696.470489501953
44.75,9.75,2002,20451.59020614624
44.75,9.75,2003,28238.404403686523
44.75,9.75,2004,25415.246726989746
44.75,9.75,2005,23259.65752029419
44.75,9.75,2006,25994.86364364624
44.75,9.75,2007,25256.654388427734
44.75,9.75,2008,22613.053802490234
44.75,9.75,2009,25708.145713806152
44.75,9.75,2010,21914.37464904785
44.75,9.75,2011,24829.498764038086
44.75,9.75,2012,25461.238025665283
44.75,9.75,2013,23540.842288970947
44.75,9.75,2014,20519.854614257812
44.75,9.75,2015,24177.14138031006
44.75,9.75,2016,24370.085861206055
44.75,10.25,1982,21202.404830932617
44.75,10.25,1983,21564.655002593994
44.75,10.25,1984,19567.224758148193
44.75,10.25,1985,21809.66103744507
44.75,10.25,1986,20707.317569732666
44.75,10.25,1987,22890.759132385254
44.75,10.25,1988,21041.662147521973
44.75,10.25,1989,20527.59635925293
44.75,10.25,1990,22779.531394958496
44.75,10.25,1991,23755.837760925293
44.75,10.25,1992,22928.696376800537
44.75,10.25,1993,23453.003494262695
44.75,10.25,1994,22203.158248901367
44.75,10.25,1995,21259.50336456299
44.75,10.25,1996,22663.128158569336
44.75,10.25,1997,23890.29651260376
44.75,10.25,1998,25306.61615753174
44.75,10.25,1999,22689.69459915161
44.75,10.25,2000,23627.981952667236
44.75,10.25,2001,23359.268268585205
44.75,10.25,2002,20064.28309249878
44.75,10.25,2003,26937.409698486328
44.75,10.25,2004,24095.0779838562
44.75,10.25,2005,22352.414875030518
44.75,10.25,2006,24445.105155944824
44.75,10.25,2007,24899.738594055176
44.75,10.25,2008,22116.53371810913
44.75,10.25,2009,24542.844749450684
44.75,10.25,2010,21101.021335601807
44.75,10.25,2011,23904.067726135254
44.75,10.25,2012,25550.316696166992
44.75,10.25,2013,22135.236419677734
44.75,10.25,2014,19594.197692871094
44.75,10.25,2015,23542.89162826538
44.75,10.25,2016,23208.717441558838
44.75,10.75,1982,23429.090377807617
44.75,10.75,1983,24228.623691558838
44.75,10.75,1984,21682.773777008057
44.75,10.75,1985,24530.99935913086
44.75,10.75,1986,23058.539863586426
44.75,10.75,1987,25506.088508605957
44.75,10.75,1988,23424.989227294922
44.75,10.75,1989,22484.437133789062
44.75,10.75,1990,25041.499294281006
44.75,10.75,1991,26173.780082702637
44.75,10.75,1992,26714.501152038574
44.75,10.75,1993,26388.318843841553
44.75,10.75,1994,24331.206047058105
44.75,10.75,1995,22912.071338653564
44.75,10.75,1996,24864.68204498291
44.75,10.75,1997,26794.81011199951
44.75,10.75,1998,28103.749237060547
44.75,10.75,1999,25121.656127929688
44.75,10.75,2000,26460.365032196045
44.75,10.75,2001,25564.067516326904
44.75,10.75,2002,22060.770401000977
44.75,10.75,2003,29333.899898529053
44.75,10.75,2004,25724.80606842041
44.75,10.75,2005,24532.64368057251
44.75,10.75,2006,26487.010162353516
44.75,10.75,2007,27034.71876525879
44.75,10.75,2008,24173.34140396118
44.75,10.75,2009,26893.540615081787
44.75,10.75,2010,22717.035530090332
44.75,10.75,2011,26241.4344291687
44.75,10.75,2012,28652.117706298828
44.75,10.75,2013,24508.66965866089
44.75,10.75,2014,21780.03140258789
44.75,10.75,2015,26159.487602233887
44.75,10.75,2016,25575.680053710938
44.75,11.25,1982,22947.334602355957
44.75,11.25,1983,23908.235195159912
44.75,11.25,1984,21145.291877746582
44.75,11.25,1985,24381.61573791504
44.75,11.25,1986,23038.80004119873
44.75,11.25,1987,25250.53709793091
44.75,11.25,1988,23410.734523773193
44.75,11.25,1989,21942.55503845215
44.75,11.25,1990,25123.388912200928
44.75,11.25,1991,25401.44875717163
44.75,11.25,1992,27125.475231170654
44.75,11.25,1993,26492.567459106445
44.75,11.25,1994,24381.617294311523
44.75,11.25,1995,22457.758918762207
44.75,11.25,1996,24608.52940750122
44.75,11.25,1997,26439.590950012207
44.75,11.25,1998,28086.958282470703
44.75,11.25,1999,25083.035808563232
44.75,11.25,2000,27152.419887542725
44.75,11.25,2001,25309.933799743652
44.75,11.25,2002,21861.67210006714
44.75,11.25,2003,28979.807807922363
44.75,11.25,2004,25563.57982635498
44.75,11.25,2005,24369.04871749878
44.75,11.25,2006,26124.094493865967
44.75,11.25,2007,27092.796272277832
44.75,11.25,2008,24421.576526641846
44.75,11.25,2009,26583.97348022461
44.75,11.25,2010,21855.727237701416
44.75,11.25,2011,26227.00386428833
44.75,11.25,2012,29254.39031982422
44.75,11.25,2013,24227.869068145752
44.75,11.25,2014,21455.341941833496
44.75,11.25,2015,26209.888870239258
44.75,11.25,2016,25518.15323638916
44.75,11.75,1982,24688.03353881836
44.75,11.75,1983,25929.511322021484
44.75,11.75,1984,23291.12905883789
44.75,11.75,1985,26291.077251434326
44.75,11.75,1986,25768.108531951904
44.75,11.75,1987,28024.59832763672
44.75,11.75,1988,25520.900115966797
44.75,11.75,1989,23888.828762054443
44.75,11.75,1990,27434.277980804443
44.75,11.75,1991,26867.775478363037
44.75,11.75,1992,28896.567134857178
44.75,11.75,1993,29066.484077453613
44.75,11.75,1994,27222.047607421875
44.75,11.75,1995,24033.247467041016
44.75,11.75,1996,27183.39054107666
44.75,11.75,1997,28185.386638641357
44.75,11.75,1998,30153.059692382812
44.75,11.75,1999,27371.637588500977
44.75,11.75,2000,30275.269981384277
44.75,11.75,2001,28125.163776397705
44.75,11.75,2002,23843.568866729736
44.75,11.75,2003,30742.52419281006
44.75,11.75,2004,27904.488384246826
44.75,11.75,2005,26118.034664154053
44.75,11.75,2006,27460.30434036255
44.75,11.75,2007,29693.87319946289
44.75,11.75,2008,26232.504901885986
44.75,11.75,2009,28499.60876083374
44.75,11.75,2010,23642.95687866211
44.75,11.75,2011,29228.595371246338
44.75,11.75,2012,32263.38217163086
44.75,11.75,2013,26182.424240112305
44.75,11.75,2014,23471.10294342041
44.75,11.75,2015,28548.73274230957
44.75,11.75,2016,26769.005859375
45.25,6.75,1982,18155.316312789917
45.25,6.75,1983,16059.830203056335
45.25,6.75,1984,15844.719268798828
45.25,6.75,1985,20677.604610443115
45.25,6.75,1986,19543.107982635498
45.25,6.75,1987,18898.82593345642
45.25,6.75,1988,19180.954971313477
45.25,6.75,1989,20066.019550323486
45.25,6.75,1990,21748.515970230103
45.25,6.75,1991,20892.788898468018
45.25,6.75,1992,19290.96501159668
45.25,6.75,1993,19587.911624908447
45.25,6.75,1994,19155.342613220215
45.25,6.75,1995,16390.337408065796
45.25,6.75,1996,17797.09620666504
45.25,6.75,1997,19130.409147262573
45.25,6.75,1998,21830.350147247314
45.25,6.75,1999,18833.104539871216
45.25,6.75,2000,21132.89983177185
45.25,6.75,2001,20112.36664581299
45.25,6.75,2002,18333.47620010376
45.25,6.75,2003,25227.641046524048
45.25,6.75,2004,20725.991060256958
45.25,6.75,2005,20530.32000732422
45.25,6.75,2006,21023.287508010864
45.25,6.75,2007,21853.180309295654
45.25,6.75,2008,21325.71982383728
45.25,6.75,2009,22558.715560913086
45.25,6.75,2010,19058.52102470398
45.25,6.75,2011,22140.433479309082
45.25,6.75,2012,22270.621530532837
45.25,6.75,2013,19231.86713218689
45.25,6.75,2014,17704.007921218872
45.25,6.75,2015,22150.614463806152
45.25,6.75,2016,21082.95086288452
45.25,7.25,1982,17234.855403900146
45.25,7.25,1983,16759.83964920044
45.25,7.25,1984,16711.274768829346
45.25,7.25,1985,18614.02396774292
45.25,7.25,1986,17194.37293624878
45.25,7.25,1987,18809.455249786377
45.25,7.25,1988,17060.916137695312
45.25,7.25,1989,19117.88670730591
45.25,7.25,1990,19893.647415161133
45.25,7.25,1991,20836.604804992676
45.25,7.25,1992,17365.550594329834
45.25,7.25,1993,18734.374912261963
45.25,7.25,1994,18688.713912963867
45.25,7.25,1995,18113.287754058838
45.25,7.25,1996,17908.408533096313
45.25,7.25,1997,19092.882064819336
45.25,7.25,1998,20848.100898742676
45.25,7.25,1999,17760.42314529419
45.25,7.25,2000,19866.805046081543
45.25,7.25,2001,20323.607248306274
45.25,7.25,2002,17053.71905708313
45.25,7.25,2003,23780.35744857788
45.25,7.25,2004,19786.591930389404
45.25,7.25,2005,20631.846382141113
45.25,7.25,2006,21166.388374328613
45.25,7.25,2007,20295.034229278564
45.25,7.25,2008,17622.028078079224
45.25,7.25,2009,19416.658041000366
45.25,7.25,2010,18454.53046989441
45.25,7.25,2011,19945.58641433716
45.25,7.25,2012,18574.164379119873
45.25,7.25,2013,18978.794511795044
45.25,7.25,2014,18023.428550720215
45.25,7.25,2015,19418.485473632812
45.25,7.25,2016,20092.165603637695
45.25,7.75,1982,17696.918243408203
45.25,7.75,1983,17597.91478729248
45.25,7.75,1984,17351.177942276
45.25,7.75,1985,18809.90488243103
45.25,7.75,1986,18102.617614746094
45.25,7.75,1987,19026.2029838562
45.25,7.75,1988,17268.99599647522
45.25,7.75,1989,20120.406829833984
45.25,7.75,1990,20135.62131500244
45.25,7.75,1991,21492.192832946777
45.25,7.75,1992,17090.424522399902
45.25,7.75,1993,18862.435203552246
45.25,7.75,1994,18833.664264678955
45.25,7.75,1995,18755.969787597656
45.25,7.75,1996,18136.02545928955
45.25,7.75,1997,20004.268970489502
45.25,7.75,1998,21113.57843399048
45.25,7.75,1999,18490.733562469482
45.25,7.75,2000,19576.72915649414
45.25,7.75,2001,20592.32857131958
45.25,7.75,2002,16846.36378097534
45.25,7.75,2003,25338.627479553223
45.25,7.75,2004,21539.512699127197
45.25,7.75,2005,20739.293266296387
45.25,7.75,2006,22670.84511566162
45.25,7.75,2007,20464.38458633423
45.25,7.75,2008,17913.39588546753
45.25,7.75,2009,21626.40411758423
45.25,7.75,2010,18777.978744506836
45.25,7.75,2011,20422.73691558838
45.25,7.75,2012,18772.489837646484
45.25,7.75,2013,20260.536781311035
45.25,7.75,2014,18072.95640563965
45.25,7.75,2015,19168.72075653076
45.25,7.75,2016,20786.752670288086
45.25,8.25,1982,20959.873329162598
45.25,8.25,1983,20835.149963378906
45.25,8.25,1984,20372.079637527466
45.25,8.25,1985,22329.014247894287
45.25,8.25,1986,21822.230770111084
45.25,8.25,1987,22600.653339385986
45.25,8.25,1988,20685.83636856079
45.25,8.25,1989,23972.332592010498
45.25,8.25,1990,24228.626083374023
45.25,8.25,1991,27136.480865478516
45.25,8.25,1992,20043.555976867676
45.25,8.25,1993,22578.902057647705
45.25,8.25,1994,22861.23633956909
45.25,8.25,1995,22126.607048034668
45.25,8.25,1996,22148.381286621094
45.25,8.25,1997,24140.623203277588
45.25,8.25,1998,25112.036739349365
45.25,8.25,1999,22734.16298675537
45.25,8.25,2000,23365.412601470947
45.25,8.25,2001,24887.288120269775
45.25,8.25,2002,19696.820720672607
45.25,8.25,2003,31640.08358001709
45.25,8.25,2004,27438.541957855225
45.25,8.25,2005,25382.700885772705
45.25,8.25,2006,28468.34065246582
45.25,8.25,2007,25061.129653930664
45.25,8.25,2008,20817.84942626953
45.25,8.25,2009,26934.981651306152
45.25,8.25,2010,22521.65447616577
45.25,8.25,2011,25143.62376022339
45.25,8.25,2012,23386.40509414673
45.25,8.25,2013,22654.693977355957
45.25,8.25,2014,21339.056259155273
45.25,8.25,2015,22621.011085510254
45.25,8.25,2016,23913.381797790527
45.25,8.75,1982,19971.749450683594
45.25,8.75,1983,19818.288471221924
45.25,8.75,1984,19078.398204803467
45.25,8.75,1985,21142.132118225098
45.25,8.75,1986,20270.04638671875
45.25,8.75,1987,22170.264541625977
45.25,8.75,1988,20251.749103546143
45.25,8.75,1989,22396.920616149902
45.25,8.75,1990,23041.364559173584
45.25,8.75,1991,25473.169807434082
45.25,8.75,1992,19741.832736968994
45.25,8.75,1993,21844.660411834717
45.25,8.75,1994,20674.87677383423
45.25,8.75,1995,21306.075130462646
45.25,8.75,1996,21301.210773468018
45.25,8.75,1997,22912.231441497803
45.25,8.75,1998,24295.447437286377
45.25,8.75,1999,22440.45754623413
45.25,8.75,2000,22658.246784210205
45.25,8.75,2001,24139.448650360107
45.25,8.75,2002,19307.285511016846
45.25,8.75,2003,28490.740493774414
45.25,8.75,2004,25710.45447921753
45.25,8.75,2005,24236.115348815918
45.25,8.75,2006,26703.37760925293
45.25,8.75,2007,24132.71325302124
45.25,8.75,2008,20194.89723587036
45.25,8.75,2009,25221.259037017822
45.25,8.75,2010,21912.04369354248
45.25,8.75,2011,23631.21443939209
45.25,8.75,2012,23616.666744232178
45.25,8.75,2013,21750.31692123413
45.25,8.75,2014,20181.986434936523
45.25,8.75,2015,21808.53286743164
45.25,8.75,2016,22619.23204421997
45.25,9.25,1982,20124.83840560913
45.25,9.25,1983,20039.91396331787
45.25,9.25,1984,18993.601455688477
45.25,9.25,1985,21397.595947265625
45.25,9.25,1986,19815.965251922607
45.25,9.25,1987,22121.637851715088
45.25,9.25,1988,19800.144470214844
45.25,9.25,1989,21231.413234710693
45.25,9.25,1990,22023.06737136841
45.25,9.25,1991,24175.678619384766
45.25,9.25,1992,20500.264881134033
45.25,9.25,1993,21736.0443649292
45.25,9.25,1994,21330.209770202637
45.25,9.25,1995,21131.636192321777
45.25,9.25,1996,21763.056816101074
45.25,9.25,1997,22740.99908065796
45.25,9.25,1998,24245.894737243652
45.25,9.25,1999,22555.660675048828
45.25,9.25,2000,22854.859977722168
45.25,9.25,2001,23935.310806274414
45.25,9.25,2002,19021.55534362793
45.25,9.25,2003,27757.275135040283
45.25,9.25,2004,24453.198944091797
45.25,9.25,2005,23189.879962921143
45.25,9.25,2006,25825.309421539307
45.25,9.25,2007,24019.375247955322
45.25,9.25,2008,20362.000270843506
45.25,9.25,2009,24950.64492416382
45.25,9.25,2010,20751.91872024536
45.25,9.25,2011,22895.537475585938
45.25,9.25,2012,23851.519569396973
45.25,9.25,2013,21397.777793884277
45.25,9.25,2014,19475.405364990234
45.25,9.25,2015,22194.468463897705
45.25,9.25,2016,21574.69016647339
45.25,9.75,1982,21080.222717285156
45.25,9.75,1983,21206.658073425293
45.25,9.75,1984,19909.274620056152
45.25,9.75,1985,22602.031871795654
45.25,9.75,1986,20912.351863861084
45.25,9.75,1987,22666.93239212036
45.25,9.75,1988,20790.513507843018
45.25,9.75,1989,21092.451290130615
45.25,9.75,1990,22389.613174438477
45.25,9.75,1991,24546.165733337402
45.25,9.75,1992,22349.725021362305
45.25,9.75,1993,23374.10959625244
45.25,9.75,1994,22851.47359085083
45.25,9.75,1995,21533.644077301025
45.25,9.75,1996,22934.370964050293
45.25,9.75,1997,23833.390434265137
45.25,9.75,1998,25362.64122390747
45.25,9.75,1999,23072.059616088867
45.25,9.75,2000,24091.913612365723
45.25,9.75,2001,24859.262237548828
45.25,9.75,2002,19837.81533050537
45.25,9.75,2003,28386.585205078125
45.25,9.75,2004,24420.66732788086
45.25,9.75,2005,23171.166732788086
45.25,9.75,2006,25856.66640472412
45.25,9.75,2007,24599.897357940674
45.25,9.75,2008,21584.666759490967
45.25,9.75,2009,25447.59375
45.25,9.75,2010,21239.73002243042
45.25,9.75,2011,23699.24102783203
45.25,9.75,2012,25078.907341003418
45.25,9.75,2013,22298.796947479248
45.25,9.75,2014,20220.054565429688
45.25,9.75,2015,24068.134185791016
45.25,9.75,2016,22593.143795013428
45.25,10.25,1982,21636.23863220215
45.25,10.25,1983,21637.002502441406
45.25,10.25,1984,20154.731483459473
45.25,10.25,1985,22864.340103149414
45.25,10.25,1986,21346.496280670166
45.25,10.25,1987,23424.71286392212
45.25,10.25,1988,21398.701469421387
45.25,10.25,1989,20896.497688293457
45.25,10.25,1990,23351.763816833496
45.25,10.25,1991,24793.039134979248
45.25,10.25,1992,24034.322284698486
45.25,10.25,1993,24563.833797454834
45.25,10.25,1994,23272.914447784424
45.25,10.25,1995,21444.793796539307
45.25,10.25,1996,23677.2854347229
45.25,10.25,1997,24845.21542739868
45.25,10.25,1998,25836.04898071289
45.25,10.25,1999,23325.311714172363
45.25,10.25,2000,24452.33126449585
45.25,10.25,2001,24701.846431732178
45.25,10.25,2002,20444.60418319702
45.25,10.25,2003,28842.222118377686
45.25,10.25,2004,24096.898487091064
45.25,10.25,2005,22771.05959701538
45.25,10.25,2006,25293.996631622314
45.25,10.25,2007,24414.678897857666
45.25,10.25,2008,22472.975131988525
45.25,10.25,2009,25531.137954711914
45.25,10.25,2010,21333.074821472168
45.25,10.25,2011,23518.333168029785
45.25,10.25,2012,25562.71945953369
45.25,10.25,2013,22602.64084625244
45.25,10.25,2014,20461.57139968872
45.25,10.25,2015,25308.057804107666
45.25,10.25,2016,23094.33869934082
45.25,10.75,1982,22465.02304458618
45.25,10.75,1983,22227.530055999756
45.25,10.75,1984,20407.86550140381
45.25,10.75,1985,23149.25665283203
45.25,10.75,1986,22031.024116516113
45.25,10.75,1987,24020.050495147705
45.25,10.75,1988,22139.88611984253
45.25,10.75,1989,20744.609893798828
45.25,10.75,1990,23996.47138595581
45.25,10.75,1991,24684.18323135376
45.25,10.75,1992,25276.55890274048
45.25,10.75,1993,25575.958225250244
45.25,10.75,1994,23810.267429351807
45.25,10.75,1995,21262.45648956299
45.25,10.75,1996,24190.74807357788
45.25,10.75,1997,25316.83868408203
45.25,10.75,1998,26861.263263702393
45.25,10.75,1999,23627.410778045654
45.25,10.75,2000,25415.293224334717
45.25,10.75,2001,24863.61753845215
45.25,10.75,2002,20738.76951599121
45.25,10.75,2003,29124.11025238037
45.25,10.75,2004,24523.25072479248
45.25,10.75,2005,22882.88583755493
45.25,10.75,2006,25291.62317276001
45.25,10.75,2007,24296.919273376465
45.25,10.75,2008,22996.02366256714
45.25,10.75,2009,26417.451862335205
45.25,10.75,2010,21362.96184539795
45.25,10.75,2011,24170.9310836792
45.25,10.75,2012,27035.66562652588
45.25,10.75,2013,22972.736309051514
45.25,10.75,2014,20920.61382293701
45.25,10.75,2015,26344.24282836914
45.25,10.75,2016,23666.06944656372
45.25,11.25,1982,21400.22900390625
45.25,11.25,1983,21339.47945022583
45.25,11.25,1984,19286.04192352295
45.25,11.25,1985,21845.194507598877
45.25,11.25,1986,21935.04467010498
45.25,11.25,1987,22644.52809906006
45.25,11.25,1988,21588.986457824707
45.25,11.25,1989,19734.906818389893
45.25,11.25,1990,23055.338207244873
45.25,11.25,1991,23066.112339019775
45.25,11.25,1992,24309.288974761963
45.25,11.25,1993,24851.262325286865
45.25,11.25,1994,23530.968841552734
45.25,11.25,1995,20261.078647613525
45.25,11.25,1996,23203.37530517578
45.25,11.25,1997,23683.91041946411
45.25,11.25,1998,25984.1556930542
45.25,11.25,1999,23027.727264404297
45.25,11.25,2000,24983.653072357178
45.25,11.25,2001,23797.474536895752
45.25,11.25,2002,20012.00428390503
45.25,11.25,2003,27878.16598892212
45.25,11.25,2004,24027.50180053711
45.25,11.25,2005,22557.212425231934
45.25,11.25,2006,24496.851482391357
45.25,11.25,2007,23318.929916381836
45.25,11.25,2008,21950.957920074463
45.25,11.25,2009,25260.11954498291
45.25,11.25,2010,20103.052837371826
45.25,11.25,2011,23879.537567138672
45.25,11.25,2012,26934.461460113525
45.25,11.25,2013,22070.72039794922
45.25,11.25,2014,19933.679763793945
45.25,11.25,2015,25270.280673980713
45.25,11.25,2016,23196.944618225098
45.25,11.75,1982,20834.68524169922
45.25,11.75,1983,21492.051246643066
45.25,11.75,1984,19478.742610931396
45.25,11.75,1985,21564.61696243286
45.25,11.75,1986,22268.787837982178
45.25,11.75,1987,22941.63356781006
45.25,11.75,1988,21661.80112838745
45.25,11.75,1989,19577.16389465332
45.25,11.75,1990,23061.36849975586
45.25,11.75,1991,22647.637802124023
45.25,11.75,1992,24020.62602996826
45.25,11.75,1993,25500.79584503174
45.25,11.75,1994,24262.57030105591
45.25,11.75,1995,20210.27057647705
45.25,11.75,1996,23542.162879943848
45.25,11.75,1997,23710.15225982666
45.25,11.75,1998,25538.666164398193
45.25,11.75,1999,23047.09511947632
45.25,11.75,2000,26076.32416534424
45.25,11.75,2001,23470.99754333496
45.25,11.75,2002,20155.449588775635
45.25,11.75,2003,27324.30417251587
45.25,11.75,2004,23932.80799484253
45.25,11.75,2005,22818.110286712646
45.25,11.75,2006,23843.280475616455
45.25,11.75,2007,23410.44961166382
45.25,11.75,2008,21635.870681762695
45.25,11.75,2009,24705.838371276855
45.25,11.75,2010,20269.55954360962
45.25,11.75,2011,24730.984909057617
45.25,11.75,2012,27450.99641418457
45.25,11.75,2013,22050.48334121704
45.25,11.75,2014,20153.59359741211
45.25,11.75,2015,24828.454776763916
45.25,11.75,2016,22991.853481292725
45.75,7.75,1982,19271.762941360474
45.75,7.75,1983,18096.024353027344
45.75,7.75,1984,18135.978658676147
45.75,7.75,1985,21288.948097229004
45.75,7.75,1986,19818.03250694275
45.75,7.75,1987,20114.154819488525
45.75,7.75,1988,18997.163429260254
45.75,7.75,1989,20939.45182800293
45.75,7.75,1990,22641.735683441162
45.75,7.75,1991,23868.52651977539
45.75,7.75,1992,18942.78274154663
45.75,7.75,1993,20442.24850845337
45.75,7.75,1994,21787.780363082886
45.75,7.75,1995,19439.373470306396
45.75,7.75,1996,20163.75164794922
45.75,7.75,1997,20677.04501724243
45.75,7.75,1998,23126.821529388428
45.75,7.75,1999,19079.849962234497
45.75,7.75,2000,22188.280643463135
45.75,7.75,2001,21610.453285217285
45.75,7.75,2002,19093.212209701538
45.75,7.75,2003,27141.39302444458
45.75,7.75,2004,22258.717861175537
45.75,7.75,2005,23033.080284118652
45.75,7.75,2006,23444.452880859375
45.75,7.75,2007,22858.04002761841
45.75,7.75,2008,19590.005310058594
45.75,7.75,2009,21772.64654159546
45.75,7.75,2010,20212.115810394287
45.75,7.75,2011,22826.456130981445
45.75,7.75,2012,22077.023345947266
45.75,7.75,2013,20693.044258117676
45.75,7.75,2014,19591.884910583496
45.75,7.75,2015,22462.10723876953
45.75,7.75,2016,22457.949005126953
45.75,8.25,1982,22492.543670654297
45.75,8.25,1983,22978.953649520874
45.75,8.25,1984,21475.430809020996
45.75,8.25,1985,23650.216987609863
45.75,8.25,1986,23156.315254211426
45.75,8.25,1987,23314.37057876587
45.75,8.25,1988,22044.319416046143
45.75,8.25,1989,25480.571228027344
45.75,8.25,1990,25503.335987091064
45.75,8.25,1991,28113.386032104492
45.75,8.25,1992,22297.252853393555
45.75,8.25,1993,23738.81237411499
45.75,8.25,1994,25423.596725463867
45.75,8.25,1995,24708.666996002197
45.75,8.25,1996,23632.845245361328
45.75,8.25,1997,24040.16160964966
45.75,8.25,1998,25723.559463500977
45.75,8.25,1999,22514.12975692749
45.75,8.25,2000,24976.322650909424
45.75,8.25,2001,25524.84762954712
45.75,8.25,2002,22452.378868103027
45.75,8.25,2003,32005.81812286377
45.75,8.25,2004,27061.01602935791
45.75,8.25,2005,27254.043949127197
45.75,8.25,2006,28499.780124664307
45.75,8.25,2007,25783.79379272461
45.75,8.25,2008,22736.813232421875
45.75,8.25,2009,26545.227882385254
45.75,8.25,2010,24555.13112640381
45.75,8.25,2011,26497.801162719727
45.75,8.25,2012,25459.016704559326
45.75,8.25,2013,25030.51873397827
45.75,8.25,2014,23591.579315185547
45.75,8.25,2015,25195.864402770996
45.75,8.25,2016,26170.616500854492
45.75,8.75,1982,18143.592498779297
45.75,8.75,1983,19179.027757644653
45.75,8.75,1984,18238.527952194214
45.75,8.75,1985,19299.493114471436
45.75,8.75,1986,18968.203777313232
45.75,8.75,1987,18938.51820373535
45.75,8.75,1988,17586.426961898804
45.75,8.75,1989,20868.96379852295
45.75,8.75,1990,20327.91872406006
45.75,8.75,1991,23019.093418121338
45.75,8.75,1992,17935.33618927002
45.75,8.75,1993,19325.498428344727
45.75,8.75,1994,20141.43882751465
45.75,8.75,1995,19531.81316757202
45.75,8.75,1996,19056.758239746094
45.75,8.75,1997,19893.558208465576
45.75,8.75,1998,20858.01734161377
45.75,8.75,1999,18854.62200164795
45.75,8.75,2000,20160.880989074707
45.75,8.75,2001,21200.020511627197
45.75,8.75,2002,17873.4229888916
45.75,8.75,2003,25578.70778274536
45.75,8.75,2004,22589.81179046631
45.75,8.75,2005,22565.20439529419
45.75,8.75,2006,23382.92018508911
45.75,8.75,2007,21321.194732666016
45.75,8.75,2008,18187.332984924316
45.75,8.75,2009,22165.55139541626
45.75,8.75,2010,20718.50778579712
45.75,8.75,2011,21322.51452255249
45.75,8.75,2012,20870.149658203125
45.75,8.75,2013,20276.02282333374
45.75,8.75,2014,18927.87585067749
45.75,8.75,2015,20154.95615386963
45.75,8.75,2016,20403.359436035156
45.75,9.25,1982,17997.491283416748
45.75,9.25,1983,18972.314701080322
45.75,9.25,1984,17912.347812652588
45.75,9.25,1985,18931.588497161865
45.75,9.25,1986,18176.389389038086
45.75,9.25,1987,18741.398666381836
45.75,9.25,1988,17207.162160873413
45.75,9.25,1989,19459.731147766113
45.75,9.25,1990,19259.906913757324
45.75,9.25,1991,21561.76573562622
45.75,9.25,1992,17924.35317993164
45.75,9.25,1993,19133.046215057373
45.75,9.25,1994,19879.928981781006
45.75,9.25,1995,18658.6780128479
45.75,9.25,1996,18913.14384841919
45.75,9.25,1997,19558.526927947998
45.75,9.25,1998,20579.602100372314
45.75,9.25,1999,18619.019748687744
45.75,9.25,2000,20128.70610809326
45.75,9.25,2001,21184.624660491943
45.75,9.25,2002,17301.953956604004
45.75,9.25,2003,24694.42770767212
45.75,9.25,2004,21280.65979385376
45.75,9.25,2005,21464.095539093018
45.75,9.25,2006,22682.165966033936
45.75,9.25,2007,21246.940853118896
45.75,9.25,2008,17754.873905181885
45.75,9.25,2009,21722.90606689453
45.75,9.25,2010,19840.285354614258
45.75,9.25,2011,20474.913734436035
45.75,9.25,2012,20368.71488571167
45.75,9.25,2013,19670.983989715576
45.75,9.25,2014,18383.911548614502
45.75,9.25,2015,19933.276039123535
45.75,9.25,2016,19447.167972564697
45.75,9.75,1982,20928.206577301025
45.75,9.75,1983,21849.479232788086
45.75,9.75,1984,20798.87771987915
45.75,9.75,1985,22000.98434829712
45.75,9.75,1986,21113.091316223145
45.75,9.75,1987,21852.800170898438
45.75,9.75,1988,20179.155590057373
45.75,9.75,1989,21401.122386932373
45.75,9.75,1990,22205.712867736816
45.75,9.75,1991,23723.493782043457
45.75,9.75,1992,21621.92617034912
45.75,9.75,1993,22888.585121154785
45.75,9.75,1994,23510.20445251465
45.75,9.75,1995,21157.535499572754
45.75,9.75,1996,22112.205322265625
45.75,9.75,1997,22555.504291534424
45.75,9.75,1998,24190.596656799316
45.75,9.75,1999,21119.04242706299
45.75,9.75,2000,24091.9630279541
45.75,9.75,2001,24727.397941589355
45.75,9.75,2002,20198.047817230225
45.75,9.75,2003,28476.453861236572
45.75,9.75,2004,23653.55725479126
45.75,9.75,2005,24080.884494781494
45.75,9.75,2006,25614.70725631714
45.75,9.75,2007,24747.37003326416
45.75,9.75,2008,20917.01845550537
45.75,9.75,2009,24750.275848388672
45.75,9.75,2010,21987.586807250977
45.75,9.75,2011,23149.041664123535
45.75,9.75,2012,23661.867713928223
45.75,9.75,2013,22663.975788116455
45.75,9.75,2014,21282.49282836914
45.75,9.75,2015,23572.132495880127
45.75,9.75,2016,22580.503887176514
45.75,10.25,1982,24426.653869628906
45.75,10.25,1983,25841.165382385254
45.75,10.25,1984,24151.605812072754
45.75,10.25,1985,25302.73439025879
45.75,10.25,1986,25145.79020690918
45.75,10.25,1987,25273.132781982422
45.75,10.25,1988,23874.173778533936
45.75,10.25,1989,24313.692363739014
45.75,10.25,1990,26462.375507354736
45.75,10.25,1991,26548.841342926025
45.75,10.25,1992,26835.88405609131
45.75,10.25,1993,27142.042282104492
45.75,10.25,1994,28022.756275177002
45.75,10.25,1995,24415.548763275146
45.75,10.25,1996,25878.29092025757
45.75,10.25,1997,26196.816341400146
45.75,10.25,1998,28030.22294998169
45.75,10.25,1999,24515.718418121338
45.75,10.25,2000,28294.60846710205
45.75,10.25,2001,29003.491470336914
45.75,10.25,2002,23742.781883239746
45.75,10.25,2003,34758.06523132324
45.75,10.25,2004,26526.499935150146
45.75,10.25,2005,27034.123764038086
45.75,10.25,2006,29391.168811798096
45.75,10.25,2007,28047.862449645996
45.75,10.25,2008,25005.601078033447
45.75,10.25,2009,28264.03793334961
45.75,10.25,2010,25000.832027435303
45.75,10.25,2011,26971.528324127197
45.75,10.25,2012,28279.291076660156
45.75,10.25,2013,26910.05852508545
45.75,10.25,2014,24527.981678009033
45.75,10.25,2015,28487.762477874756
45.75,10.25,2016,26577.328353881836
45.75,10.75,1982,19853.347732543945
45.75,10.75,1983,20762.14688873291
45.75,10.75,1984,18760.387968063354
45.75,10.75,1985,20075.258308410645
45.75,10.75,1986,19866.97328567505
45.75,10.75,1987,19810.203495025635
45.75,10.75,1988,19578.44104385376
45.75,10.75,1989,19307.203594207764
45.75,10.75,1990,21534.898864746094
45.75,10.75,1991,20444.050689697266
45.75,10.75,1992,21547.64311981201
45.75,10.75,1993,21638.612022399902
45.75,10.75,1994,22270.55637359619
45.75,10.75,1995,19986.030532836914
45.75,10.75,1996,20737.8413772583
45.75,10.75,1997,20933.54832458496
45.75,10.75,1998,22639.986236572266
45.75,10.75,1999,19682.233142852783
45.75,10.75,2000,22553.00065612793
45.75,10.75,2001,22502.87160873413
45.75,10.75,2002,19367.567539215088
45.75,10.75,2003,26461.77264404297
45.75,10.75,2004,21200.598026275635
45.75,10.75,2005,21172.540168762207
45.75,10.75,2006,23060.939346313477
45.75,10.75,2007,22297.060844421387
45.75,10.75,2008,20455.378211975098
45.75,10.75,2009,22835.630950927734
45.75,10.75,2010,20026.23282623291
45.75,10.75,2011,21937.950428009033
45.75,10.75,2012,22474.238342285156
45.75,10.75,2013,21893.28477859497
45.75,10.75,2014,20053.18613433838
45.75,10.75,2015,23255.85982131958
45.75,10.75,2016,21661.920764923096
45.75,11.25,1982,25916.169284820557
45.75,11.25,1983,27929.328495025635
45.75,11.25,1984,24518.411098480225
45.75,11.25,1985,26164.209159851074
45.75,11.25,1986,26860.081008911133
45.75,11.25,1987,26050.38486099243
45.75,11.25,1988,26432.06288909912
45.75,11.25,1989,25262.372898101807
45.75,11.25,1990,27811.92123413086
45.75,11.25,1991,27264.39027786255
45.75,11.25,1992,28105.850074768066
45.75,11.25,1993,29025.52805328369
45.75,11.25,1994,29341.18377685547
45.75,11.25,1995,26083.64572906494
45.75,11.25,1996,27262.749355316162
45.75,11.25,1997,27419.73468017578
45.75,11.25,1998,29101.810775756836
45.75,11.25,1999,26198.848262786865
45.75,11.25,2000,29936.85325241089
45.75,11.25,2001,29841.31901550293
45.75,11.25,2002,25391.851593017578
45.75,11.25,2003,35143.52785491943
45.75,11.25,2004,28725.914989471436
45.75,11.25,2005,28086.368213653564
45.75,11.25,2006,30558.39309310913
45.75,11.25,2007,28174.51330947876
45.75,11.25,2008,26258.82932281494
45.75,11.25,2009,29777.430084228516
45.75,11.25,2010,26472.659339904785
45.75,11.25,2011,29085.579483032227
45.75,11.25,2012,29373.512912750244
45.75,11.25,2013,28956.16749572754
45.75,11.25,2014,25766.6434135437
45.75,11.25,2015,30138.900077819824
45.75,11.25,2016,28354.93748474121
45.75,11.75,1982,18290.12619781494
45.75,11.75,1983,19704.46314239502
45.75,11.75,1984,17071.81573677063
45.75,11.75,1985,18794.059490203857
45.75,11.75,1986,19232.245777130127
45.75,11.75,1987,18801.732845306396
45.75,11.75,1988,18793.927963256836
45.75,11.75,1989,17390.404483795166
45.75,11.75,1990,19664.851776123047
45.75,11.75,1991,19332.73960876465
45.75,11.75,1992,19879.13423538208
45.75,11.75,1993,21784.35338973999
45.75,11.75,1994,20911.600032806396
45.75,11.75,1995,18462.84304046631
45.75,11.75,1996,19513.56318283081
45.75,11.75,1997,19863.605392456055
45.75,11.75,1998,20813.376537322998
45.75,11.75,1999,19404.017463684082
45.75,11.75,2000,21831.554248809814
45.75,11.75,2001,20710.590408325195
45.75,11.75,2002,18060.182235717773
45.75,11.75,2003,24147.248222351074
45.75,11.75,2004,20425.019863128662
45.75,11.75,2005,19743.250820159912
45.75,11.75,2006,21070.467739105225
45.75,11.75,2007,19804.014221191406
45.75,11.75,2008,18984.16234588623
45.75,11.75,2009,21128.9787940979
45.75,11.75,2010,18681.192958831787
45.75,11.75,2011,21256.428886413574
45.75,11.75,2012,21555.23583984375
45.75,11.75,2013,20161.955772399902
45.75,11.75,2014,18368.146087646484
45.75,11.75,2015,21179.80295562744
45.75,11.75,2016,20054.224617004395
46.25,11.75,1982,33262.36809539795
46.25,11.75,1983,37938.72463989258
46.25,11.75,1984,32040.84610748291
46.25,11.75,1985,35464.20701980591
46.25,11.75,1986,34844.358169555664
46.25,11.75,1987,33966.240715026855
46.25,11.75,1988,33322.710079193115
46.25,11.75,1989,33447.279441833496
46.25,11.75,1990,37204.56140899658
46.25,11.75,1991,36310.77170562744
46.25,11.75,1992,36157.73659515381
46.25,11.75,1993,36565.7633972168
46.25,11.75,1994,38100.94844055176
46.25,11.75,1995,35095.82970428467
46.25,11.75,1996,35138.69620513916
46.25,11.75,1997,35939.54056549072
46.25,11.75,1998,37492.62032318115
46.25,11.75,1999,33065.945137023926
46.25,11.75,2000,38477.18437957764
46.25,11.75,2001,37331.91586303711
46.25,11.75,2002,32842.263484954834
46.25,11.75,2003,45453.815505981445
46.25,11.75,2004,37263.798500061035
46.25,11.75,2005,37304.10175323486
46.25,11.75,2006,38614.00728607178
46.25,11.75,2007,36583.923568725586
46.25,11.75,2008,34304.912841796875
46.25,11.75,2009,37178.6501083374
46.25,11.75,2010,35199.0002746582
46.25,11.75,2011,37592.76583099365
46.25,11.75,2012,37147.129051208496
46.25,11.75,2013,37390.70621109009
46.25,11.75,2014,32049.633544921875
46.25,11.75,2015,37553.62055969238
46.25,11.75,2016,36509.39572906494
46.25,12.25,1982,25740.403484344482
46.25,12.25,1983,28698.551055908203
46.25,12.25,1984,23141.719917297363
46.25,12.25,1985,27069.59531021118
46.25,12.25,1986,27088.117115020752
46.25,12.25,1987,25673.22141265869
46.25,12.25,1988,26234.351932525635
46.25,12.25,1989,25940.614505767822
46.25,12.25,1990,28411.16710281372
46.25,12.25,1991,28270.428520202637
46.25,12.25,1992,28654.864540100098
46.25,12.25,1993,28765.020629882812
46.25,12.25,1994,29087.24388885498
46.25,12.25,1995,26884.787796020508
46.25,12.25,1996,27280.447620391846
46.25,12.25,1997,27510.274028778076
46.25,12.25,1998,29294.675228118896
46.25,12.25,1999,26275.730964660645
46.25,12.25,2000,29918.235912322998
46.25,12.25,2001,29637.104553222656
46.25,12.25,2002,25975.340881347656
46.25,12.25,2003,35356.335594177246
46.25,12.25,2004,28024.195644378662
46.25,12.25,2005,28460.514930725098
46.25,12.25,2006,29901.020679473877
46.25,12.25,2007,28463.06504058838
46.25,12.25,2008,26699.273208618164
46.25,12.25,2009,29062.64833831787
46.25,12.25,2010,27363.520832061768
46.25,12.25,2011,30354.394409179688
46.25,12.25,2012,29408.160438537598
46.25,12.25,2013,30065.439697265625
46.25,12.25,2014,26235.967975616455
46.25,12.25,2015,29619.119556427002
46.25,12.25,2016,29143.11577606201
46.75,12.25,1982,30010.68431854248
46.75,12.25,1983,32746.809116363525
46.75,12.25,1984,27953.3371925354
46.75,12.25,1985,31695.365077972412
46.75,12.25,1986,32453.15982055664
46.75,12.25,1987,29425.84711074829
46.75,12.25,1988,29862.069591522217
46.75,12.25,1989,30734.766174316406
46.75,12.25,1990,34399.48445892334
46.75,12.25,1991,31231.250438690186
46.75,12.25,1992,31904.541091918945
46.75,12.25,1993,31376.22592163086
46.75,12.25,1994,34373.536949157715
46.75,12.25,1995,31119.009773254395
46.75,12.25,1996,31380.3837890625
46.75,12.25,1997,31757.766426086426
46.75,12.25,1998,32240.666107177734
46.75,12.25,1999,29277.04490661621
46.75,12.25,2000,34390.88048171997
46.75,12.25,2001,31899.354846954346
46.75,12.25,2002,31093.870056152344
46.75,12.25,2003,41520.47850036621
46.75,12.25,2004,32704.447357177734
46.75,12.25,2005,33697.84867858887
46.75,12.25,2006,35466.76861953735
46.75,12.25,2007,32691.327255249023
46.75,12.25,2008,30615.04579925537
46.75,12.25,2009,32705.43450164795
46.75,12.25,2010,31429.596565246582
46.75,12.25,2011,32578.61444091797
46.75,12.25,2012,32950.37608337402
46.75,12.25,2013,35180.30730056763
46.75,12.25,2014,28656.84903717041
46.75,12.25,2015,35017.98683166504
46.75,12.25,2016,32440.752250671387
