lat,lon,year,precipitation
43.75,11.75,1982,365.8976819515228
43.75,11.75,1983,327.5260633826256
43.75,11.75,1984,551.1741886138916
43.75,11.75,1985,229.24114614725113
43.75,11.75,1986,375.63985335826874
43.75,11.75,1987,331.15238654613495
43.75,11.75,1988,317.863779515028
43.75,11.75,1989,529.6397595405579
43.75,11.75,1990,289.81376445293427
43.75,11.75,1991,393.4898129105568
43.75,11.75,1992,277.3122088909149
43.75,11.75,1993,251.2791529893875
43.75,11.75,1994,308.79286020994186
43.75,11.75,1995,507.0498101711273
43.75,11.75,1996,461.7672951221466
43.75,11.75,1997,317.3735601902008
43.75,11.75,1998,287.02339512109756
43.75,11.75,1999,346.9658442735672
43.75,11.75,2000,289.6449509859085
43.75,11.75,2001,389.74277555942535
43.75,11.75,2002,507.19355392456055
43.75,11.75,2003,196.20075690746307
43.75,11.75,2004,355.0129054784775
43.75,11.75,2005,341.685057759285
43.75,11.75,2006,327.48699963092804
43.75,11.75,2007,294.01759350299835
43.75,11.75,2008,332.5981602668762
43.75,11.75,2009,263.18016225099564
43.75,11.75,2010,481.0368708372116
43.75,11.75,2011,257.16083842515945
43.75,11.75,2012,332.88299149274826
43.75,11.75,2013,392.938272356987
43.75,11.75,2014,520.5614295005798
43.75,11.75,2015,327.2859146595001
43.75,11.75,2016,403.7047917842865
43.75,12.25,1982,302.7988886833191
43.75,12.25,1983,283.3629541993141
43.75,12.25,1984,430.6123130917549
43.75,12.25,1985,195.22534078359604
43.75,12.25,1986,355.9188748598099
43.75,12.25,1987,315.60899686813354
43.75,12.25,1988,339.3991440832615
43.75,12.25,1989,573.1213519573212
43.75,12.25,1990,292.12500965595245
43.75,12.25,1991,356.85197019577026
43.75,12.25,1992,220.51195430755615
43.75,12.25,1993,241.37789678573608
43.75,12.25,1994,337.484212577343
43.75,12.25,1995,487.1282263994217
43.75,12.25,1996,418.05739319324493
43.75,12.25,1997,275.93648958206177
43.75,12.25,1998,278.5292938351631
43.75,12.25,1999,373.75128626823425
43.75,12.25,2000,254.19835722446442
43.75,12.25,2001,323.63640344142914
43.75,12.25,2002,527.1806390285492
43.75,12.25,2003,248.72064596414566
43.75,12.25,2004,335.9579025506973
43.75,12.25,2005,405.5695935487747
43.75,12.25,2006,353.32112777233124
43.75,12.25,2007,257.1194698214531
43.75,12.25,2008,304.5972016453743
43.75,12.25,2009,286.94654846191406
43.75,12.25,2010,445.0886620283127
43.75,12.25,2011,265.3377624452114
43.75,12.25,2012,334.3011088371277
43.75,12.25,2013,383.1544826030731
43.75,12.25,2014,508.85729229450226
43.75,12.25,2015,329.649689078331
43.75,12.25,2016,443.1103484630585
44.25,6.75,1982,526.2289519309998
44.25,6.75,1983,643.1754100322723
44.25,6.75,1984,587.2409697771072
44.25,6.75,1985,389.5504597425461
44.25,6.75,1986,433.5496085882187
44.25,6.75,1987,536.3923716545105
44.25,6.75,1988,495.5056884288788
44.25,6.75,1989,440.5950676202774
44.25,6.75,1990,439.6248071193695
44.25,6.75,1991,511.68583488464355
44.25,6.75,1992,624.399636387825
44.25,6.75,1993,549.862450838089
44.25,6.75,1994,601.3530079126358
44.25,6.75,1995,673.8873796463013
44.25,6.75,1996,507.76312232017517
44.25,6.75,1997,481.3523905277252
44.25,6.75,1998,439.141774058342
44.25,6.75,1999,543.1673551797867
44.25,6.75,2000,463.46580839157104
44.25,6.75,2001,425.80746042728424
44.25,6.75,2002,646.2734317779541
44.25,6.75,2003,324.57532382011414
44.25,6.75,2004,333.6812072992325
44.25,6.75,2005,473.5771200656891
44.25,6.75,2006,526.4059460163116
44.25,6.75,2007,433.067151427269
44.25,6.75,2008,561.1143107414246
44.25,6.75,2009,417.9490604400635
44.25,6.75,2010,517.7090219259262
44.25,6.75,2011,491.70287239551544
44.25,6.75,2012,382.41773426532745
44.25,6.75,2013,561.4043304920197
44.25,6.75,2014,534.8395164012909
44.25,6.75,2015,484.4245014190674
44.25,6.75,2016,496.3771768808365
44.25,7.25,1982,544.4137835502625
44.25,7.25,1983,648.2618386745453
44.25,7.25,1984,693.6931754350662
44.25,7.25,1985,431.148873090744
44.25,7.25,1986,500.35188269615173
44.25,7.25,1987,501.29917335510254
44.25,7.25,1988,529.1033111810684
44.25,7.25,1989,471.7353971004486
44.25,7.25,1990,489.23671078681946
44.25,7.25,1991,530.3457969427109
44.25,7.25,1992,650.2788965702057
44.25,7.25,1993,544.9436997175217
44.25,7.25,1994,634.8695456981659
44.25,7.25,1995,734.9848113059998
44.25,7.25,1996,538.6378393173218
44.25,7.25,1997,496.6178023815155
44.25,7.25,1998,467.3439770936966
44.25,7.25,1999,611.3197622299194
44.25,7.25,2000,551.4395751953125
44.25,7.25,2001,467.5664620399475
44.25,7.25,2002,748.0217132568359
44.25,7.25,2003,345.4013283252716
44.25,7.25,2004,388.0096004009247
44.25,7.25,2005,546.4738430976868
44.25,7.25,2006,567.2265431880951
44.25,7.25,2007,471.4754548072815
44.25,7.25,2008,591.9324584007263
44.25,7.25,2009,461.32682049274445
44.25,7.25,2010,597.6062695980072
44.25,7.25,2011,557.3129781484604
44.25,7.25,2012,461.1384220123291
44.25,7.25,2013,625.32350730896
44.25,7.25,2014,640.5719752311707
44.25,7.25,2015,562.3189573287964
44.25,7.25,2016,571.0351514816284
44.25,7.75,1982,429.26039123535156
44.25,7.75,1983,524.8783304691315
44.25,7.75,1984,705.8971003890038
44.25,7.75,1985,388.135569691658
44.25,7.75,1986,430.69937324523926
44.25,7.75,1987,389.02624106407166
44.25,7.75,1988,433.759648501873
44.25,7.75,1989,421.24250519275665
44.25,7.75,1990,400.28387010097504
44.25,7.75,1991,457.8499388694763
44.25,7.75,1992,623.072762966156
44.25,7.75,1993,535.2894946336746
44.25,7.75,1994,592.6276780366898
44.25,7.75,1995,650.6890578269958
44.25,7.75,1996,489.8399147987366
44.25,7.75,1997,420.0437593460083
44.25,7.75,1998,440.8355236649513
44.25,7.75,1999,556.584645986557
44.25,7.75,2000,546.7280898094177
44.25,7.75,2001,427.1713013648987
44.25,7.75,2002,765.9058427810669
44.25,7.75,2003,270.71391808986664
44.25,7.75,2004,367.3726044893265
44.25,7.75,2005,459.1471908092499
44.25,7.75,2006,492.30155992507935
44.25,7.75,2007,417.0197466611862
44.25,7.75,2008,526.8564448356628
44.25,7.75,2009,400.9068742990494
44.25,7.75,2010,535.7642328739166
44.25,7.75,2011,434.36555939912796
44.25,7.75,2012,445.99006175994873
44.25,7.75,2013,552.7963583469391
44.25,7.75,2014,650.6071329116821
44.25,7.75,2015,536.0757448673248
44.25,7.75,2016,492.63784980773926
44.25,10.75,1982,423.5827739238739
44.25,10.75,1983,422.99505227804184
44.25,10.75,1984,637.7066458463669
44.25,10.75,1985,347.0269583463669
44.25,10.75,1986,417.76134514808655
44.25,10.75,1987,403.72047674655914
44.25,10.75,1988,386.34799259901047
44.25,10.75,1989,655.8440737724304
44.25,10.75,1990,367.3596798181534
44.25,10.75,1991,446.09601670503616
44.25,10.75,1992,366.399617433548
44.25,10.75,1993,391.71337246894836
44.25,10.75,1994,480.26518046855927
44.25,10.75,1995,571.7727171182632
44.25,10.75,1996,494.87409830093384
44.25,10.75,1997,388.7683300971985
44.25,10.75,1998,351.1466007232666
44.25,10.75,1999,468.5732834339142
44.25,10.75,2000,402.99587512016296
44.25,10.75,2001,462.83872532844543
44.25,10.75,2002,662.1109952926636
44.25,10.75,2003,242.56392914056778
44.25,10.75,2004,448.43936812877655
44.25,10.75,2005,419.4890525341034
44.25,10.75,2006,418.4106197357178
44.25,10.75,2007,337.834136903286
44.25,10.75,2008,446.50822108983994
44.25,10.75,2009,337.07504415512085
44.25,10.75,2010,602.655889749527
44.25,10.75,2011,327.29128336906433
44.25,10.75,2012,406.4631567001343
44.25,10.75,2013,437.8890073299408
44.25,10.75,2014,560.661290884018
44.25,10.75,2015,385.062903881073
44.25,10.75,2016,506.6022220849991
44.25,11.25,1982,289.76269590854645
44.25,11.25,1983,302.5638453066349
44.25,11.25,1984,454.10776233673096
44.25,11.25,1985,241.04555886983871
44.25,11.25,1986,381.30687379837036
44.25,11.25,1987,268.63954865932465
44.25,11.25,1988,309.1264532506466
44.25,11.25,1989,625.4081161022186
44.25,11.25,1990,293.6603544950485
44.25,11.25,1991,324.5364372730255
44.25,11.25,1992,201.1445667743683
44.25,11.25,1993,254.6129651069641
44.25,11.25,1994,389.2065342962742
44.25,11.25,1995,454.14389538764954
44.25,11.25,1996,395.8042457103729
44.25,11.25,1997,284.04466450214386
44.25,11.25,1998,260.1012809276581
44.25,11.25,1999,356.2766044139862
44.25,11.25,2000,335.1422892808914
44.25,11.25,2001,356.54918670654297
44.25,11.25,2002,568.5084154605865
44.25,11.25,2003,165.14359134435654
44.25,11.25,2004,401.4486244916916
44.25,11.25,2005,350.4682158231735
44.25,11.25,2006,323.42650628089905
44.25,11.25,2007,245.81451666355133
44.25,11.25,2008,383.8438289761543
44.25,11.25,2009,252.88790678977966
44.25,11.25,2010,430.0495561361313
44.25,11.25,2011,235.7064339518547
44.25,11.25,2012,349.6217987537384
44.25,11.25,2013,310.34336841106415
44.25,11.25,2014,475.1406818628311
44.25,11.25,2015,329.39592730998993
44.25,11.25,2016,397.5666608810425
44.25,11.75,1982,259.98034155368805
44.25,11.75,1983,273.19968885183334
44.25,11.75,1984,397.17281740903854
44.25,11.75,1985,206.84071844816208
44.25,11.75,1986,346.0240483880043
44.25,11.75,1987,245.22466802597046
44.25,11.75,1988,295.85053327679634
44.25,11.75,1989,652.9331998825073
44.25,11.75,1990,305.88260209560394
44.25,11.75,1991,297.65056681632996
44.25,11.75,1992,162.96475511789322
44.25,11.75,1993,224.98555493354797
44.25,11.75,1994,344.00978595018387
44.25,11.75,1995,461.2594904899597
44.25,11.75,1996,351.73649775981903
44.25,11.75,1997,248.28668022155762
44.25,11.75,1998,251.0819429755211
44.25,11.75,1999,341.7571932077408
44.25,11.75,2000,284.5679041147232
44.25,11.75,2001,301.23166704177856
44.25,11.75,2002,582.4298603534698
44.25,11.75,2003,182.03065621852875
44.25,11.75,2004,332.90985333919525
44.25,11.75,2005,384.6320927143097
44.25,11.75,2006,343.07774662971497
44.25,11.75,2007,247.21974229812622
44.25,11.75,2008,348.5993567109108
44.25,11.75,2009,232.19862139225006
44.25,11.75,2010,420.884393453598
44.25,11.75,2011,209.4049111008644
44.25,11.75,2012,337.3903205394745
44.25,11.75,2013,283.8341445326805
44.25,11.75,2014,512.1819461584091
44.25,11.75,2015,311.44479739665985
44.25,11.75,2016,365.1275336742401
44.75,6.75,1982,495.91922426223755
44.75,6.75,1983,603.7585952281952
44.75,6.75,1984,589.5343052744865
44.75,6.75,1985,449.5947654247284
44.75,6.75,1986,395.6994540691376
44.75,6.75,1987,422.77521562576294
44.75,6.75,1988,465.0335112810135
44.75,6.75,1989,369.00857377052307
44.75,6.75,1990,399.09562611579895
44.75,6.75,1991,460.8995336294174
44.75,6.75,1992,636.1213154792786
44.75,6.75,1993,529.7997877597809
44.75,6.75,1994,613.7873878479004
44.75,6.75,1995,574.2629747390747
44.75,6.75,1996,506.5743064880371
44.75,6.75,1997,493.1924822330475
44.75,6.75,1998,408.4040182828903
44.75,6.75,1999,560.0374917984009
44.75,6.75,2000,496.2566251754761
44.75,6.75,2001,452.7919877767563
44.75,6.75,2002,671.6856217384338
44.75,6.75,2003,331.33557760715485
44.75,6.75,2004,327.05230236053467
44.75,6.75,2005,433.27655148506165
44.75,6.75,2006,539.9703845977783
44.75,6.75,2007,452.35918378829956
44.75,6.75,2008,579.4805332422256
44.75,6.75,2009,418.01714634895325
44.75,6.75,2010,549.1571221351624
44.75,6.75,2011,538.2383127212524
44.75,6.75,2012,419.7441477775574
44.75,6.75,2013,513.3532078266144
44.75,6.75,2014,568.7165682315826
44.75,6.75,2015,547.4577536582947
44.75,6.75,2016,518.9176557064056
44.75,7.25,1982,670.9880228042603
44.75,7.25,1983,750.1088490486145
44.75,7.25,1984,824.8149815797806
44.75,7.25,1985,653.1556105613708
44.75,7.25,1986,646.3394379615784
44.75,7.25,1987,548.5896272659302
44.75,7.25,1988,756.8497273921967
44.75,7.25,1989,543.6311643123627
44.75,7.25,1990,636.9523208141327
44.75,7.25,1991,581.1785886287689
44.75,7.25,1992,910.0538737773895
44.75,7.25,1993,709.5279960632324
44.75,7.25,1994,866.3439121246338
44.75,7.25,1995,801.7193779945374
44.75,7.25,1996,656.9576485157013
44.75,7.25,1997,678.6649866104126
44.75,7.25,1998,586.6150226593018
44.75,7.25,1999,850.3097681999207
44.75,7.25,2000,735.7927260398865
44.75,7.25,2001,697.7815527915955
44.75,7.25,2002,1053.1610655784607
44.75,7.25,2003,417.5938129425049
44.75,7.25,2004,523.4253211021423
44.75,7.25,2005,665.6741240024567
44.75,7.25,2006,677.0126574039459
44.75,7.25,2007,657.3764183521271
44.75,7.25,2008,831.511373758316
44.75,7.25,2009,627.0532114505768
44.75,7.25,2010,958.089729309082
44.75,7.25,2011,760.1611630916595
44.75,7.25,2012,730.0765495300293
44.75,7.25,2013,770.2238326072693
44.75,7.25,2014,894.8291192054749
44.75,7.25,2015,773.2697429656982
44.75,7.25,2016,739.8981142044067
44.75,7.75,1982,351.97967505455017
44.75,7.75,1983,439.2637816667557
44.75,7.75,1984,633.75821352005
44.75,7.75,1985,389.62315571308136
44.75,7.75,1986,393.1071492433548
44.75,7.75,1987,278.60748291015625
44.75,7.75,1988,417.82440304756165
44.75,7.75,1989,231.3004645705223
44.75,7.75,1990,303.96046525239944
44.75,7.75,1991,370.9002167582512
44.75,7.75,1992,568.3373324275017
44.75,7.75,1993,432.1925278902054
44.75,7.75,1994,573.751785159111
44.75,7.75,1995,515.7272478342056
44.75,7.75,1996,336.4236350059509
44.75,7.75,1997,340.9468216896057
44.75,7.75,1998,308.00275242328644
44.75,7.75,1999,485.5878505706787
44.75,7.75,2000,514.3294440507889
44.75,7.75,2001,392.4651275873184
44.75,7.75,2002,724.4482247829437
44.75,7.75,2003,157.94690018892288
44.75,7.75,2004,271.434683740139
44.75,7.75,2005,372.66203659772873
44.75,7.75,2006,440.2095402479172
44.75,7.75,2007,412.611013263464
44.75,7.75,2008,501.7637232542038
44.75,7.75,2009,287.07178884744644
44.75,7.75,2010,560.9959065914154
44.75,7.75,2011,389.45487880706787
44.75,7.75,2012,448.65840911865234
44.75,7.75,2013,426.56558060646057
44.75,7.75,2014,511.36249017715454
44.75,7.75,2015,498.9043690562248
44.75,7.75,2016,381.8925015926361
44.75,8.25,1982,407.5514484643936
44.75,8.25,1983,341.1812953352928
44.75,8.25,1984,596.782158061862
44.75,8.25,1985,346.1434672474861
44.75,8.25,1986,310.34517109394073
44.75,8.25,1987,313.33320212364197
44.75,8.25,1988,318.9349017739296
44.75,8.25,1989,298.1507771015167
44.75,8.25,1990,260.3595424890518
44.75,8.25,1991,305.10191625356674
44.75,8.25,1992,509.2617281675339
44.75,8.25,1993,423.88572639226913
44.75,8.25,1994,521.5109238624573
44.75,8.25,1995,527.0247738361359
44.75,8.25,1996,372.3145372867584
44.75,8.25,1997,348.6931691169739
44.75,8.25,1998,376.3355402946472
44.75,8.25,1999,415.8242441415787
44.75,8.25,2000,437.78992915153503
44.75,8.25,2001,342.25184750556946
44.75,8.25,2002,652.3431572914124
44.75,8.25,2003,194.32478833198547
44.75,8.25,2004,255.1424378156662
44.75,8.25,2005,391.5455540418625
44.75,8.25,2006,473.17977797985077
44.75,8.25,2007,363.3177769780159
44.75,8.25,2008,486.3895981311798
44.75,8.25,2009,288.9862499833107
44.75,8.25,2010,480.648139834404
44.75,8.25,2011,344.65187150239944
44.75,8.25,2012,409.9472439289093
44.75,8.25,2013,426.6403567790985
44.75,8.25,2014,520.6257081031799
44.75,8.25,2015,489.73849523067474
44.75,8.25,2016,375.27696323394775
44.75,8.75,1982,393.0670758485794
44.75,8.75,1983,340.5737830400467
44.75,8.75,1984,535.959007665515
44.75,8.75,1985,329.1419835984707
44.75,8.75,1986,269.09648871421814
44.75,8.75,1987,290.58212304115295
44.75,8.75,1988,280.8690760731697
44.75,8.75,1989,244.51912033557892
44.75,8.75,1990,188.54967707395554
44.75,8.75,1991,285.74537974596024
44.75,8.75,1992,455.1640673875809
44.75,8.75,1993,334.43735432624817
44.75,8.75,1994,459.3736962080002
44.75,8.75,1995,430.56962937116623
44.75,8.75,1996,373.6343047618866
44.75,8.75,1997,291.1455792784691
44.75,8.75,1998,338.625351190567
44.75,8.75,1999,381.63462698459625
44.75,8.75,2000,327.5723305940628
44.75,8.75,2001,310.9506289958954
44.75,8.75,2002,488.35922932624817
44.75,8.75,2003,163.36771202087402
44.75,8.75,2004,189.71961176395416
44.75,8.75,2005,367.71629202365875
44.75,8.75,2006,436.15435802936554
44.75,8.75,2007,331.0637867450714
44.75,8.75,2008,447.2574814558029
44.75,8.75,2009,248.0176681280136
44.75,8.75,2010,429.4273918271065
44.75,8.75,2011,300.2149835526943
44.75,8.75,2012,352.45223212242126
44.75,8.75,2013,394.40271830558777
44.75,8.75,2014,417.5940623283386
44.75,8.75,2015,403.0189483165741
44.75,8.75,2016,279.362478017807
44.75,9.25,1982,532.7095239162445
44.75,9.25,1983,412.8890790939331
44.75,9.25,1984,629.1734495013952
44.75,9.25,1985,396.3461236357689
44.75,9.25,1986,351.15195667743683
44.75,9.25,1987,397.8421711921692
44.75,9.25,1988,417.76188373565674
44.75,9.25,1989,383.85000562667847
44.75,9.25,1990,322.7296869754791
44.75,9.25,1991,389.140604197979
44.75,9.25,1992,522.5922400951385
44.75,9.25,1993,421.5808674097061
44.75,9.25,1994,509.74477672576904
44.75,9.25,1995,560.8193601369858
44.75,9.25,1996,488.67749989032745
44.75,9.25,1997,411.21559035778046
44.75,9.25,1998,425.12400209903717
44.75,9.25,1999,503.24786710739136
44.75,9.25,2000,407.1944980621338
44.75,9.25,2001,441.6146650314331
44.75,9.25,2002,657.9185471534729
44.75,9.25,2003,254.85196709632874
44.75,9.25,2004,285.9804068803787
44.75,9.25,2005,488.55175280570984
44.75,9.25,2006,440.27774465084076
44.75,9.25,2007,392.574010014534
44.75,9.25,2008,529.6736702919006
44.75,9.25,2009,334.43291330337524
44.75,9.25,2010,593.9241049289703
44.75,9.25,2011,397.2959021925926
44.75,9.25,2012,464.13023233413696
44.75,9.25,2013,509.9292891025543
44.75,9.25,2014,559.9449687004089
44.75,9.25,2015,476.86045652627945
44.75,9.25,2016,403.5187141895294
44.75,9.75,1982,509.9591073989868
44.75,9.75,1983,358.2251957654953
44.75,9.75,1984,596.8113526701927
44.75,9.75,1985,344.4213077425957
44.75,9.75,1986,339.21251475811005
44.75,9.75,1987,364.32223987579346
44.75,9.75,1988,391.70532143116
44.75,9.75,1989,453.2275730371475
44.75,9.75,1990,317.55327129364014
44.75,9.75,1991,356.9174322485924
44.75,9.75,1992,413.6100537776947
44.75,9.75,1993,384.7264723777771
44.75,9.75,1994,503.4705592393875
44.75,9.75,1995,517.1402571797371
44.75,9.75,1996,412.5988025665283
44.75,9.75,1997,401.820801615715
44.75,9.75,1998,366.4013733267784
44.75,9.75,1999,422.8140103816986
44.75,9.75,2000,397.7581865787506
44.75,9.75,2001,437.6423497200012
44.75,9.75,2002,606.7645225524902
44.75,9.75,2003,221.0128818154335
44.75,9.75,2004,304.92884707450867
44.75,9.75,2005,425.7404863834381
44.75,9.75,2006,393.64027988910675
44.75,9.75,2007,402.2907980084419
44.75,9.75,2008,422.7841469049454
44.75,9.75,2009,288.64068496227264
44.75,9.75,2010,611.9194875955582
44.75,9.75,2011,330.8978367447853
44.75,9.75,2012,460.64704716205597
44.75,9.75,2013,470.4640476703644
44.75,9.75,2014,516.2438192367554
44.75,9.75,2015,376.16073459386826
44.75,9.75,2016,376.0837655067444
44.75,10.25,1982,414.5384565591812
44.75,10.25,1983,293.9248329401016
44.75,10.25,1984,506.8213179707527
44.75,10.25,1985,281.2994194626808
44.75,10.25,1986,323.4209398031235
44.75,10.25,1987,267.1613575220108
44.75,10.25,1988,344.4138978123665
44.75,10.25,1989,448.2475395202637
44.75,10.25,1990,290.7271475791931
44.75,10.25,1991,305.80147284269333
44.75,10.25,1992,320.1202560067177
44.75,10.25,1993,309.91081750392914
44.75,10.25,1994,415.3336021900177
44.75,10.25,1995,431.4296745657921
44.75,10.25,1996,340.85434144735336
44.75,10.25,1997,301.6755278110504
44.75,10.25,1998,291.28068006038666
44.75,10.25,1999,365.9440076351166
44.75,10.25,2000,340.4867763519287
44.75,10.25,2001,383.74556708335876
44.75,10.25,2002,562.4659509658813
44.75,10.25,2003,198.05846679210663
44.75,10.25,2004,311.59590888023376
44.75,10.25,2005,364.5633375644684
44.75,10.25,2006,346.0527272820473
44.75,10.25,2007,336.81494227051735
44.75,10.25,2008,387.7348442673683
44.75,10.25,2009,241.87757205963135
44.75,10.25,2010,519.659006357193
44.75,10.25,2011,270.98191256821156
44.75,10.25,2012,392.44243586063385
44.75,10.25,2013,409.12955635786057
44.75,10.25,2014,448.5362710952759
44.75,10.25,2015,301.3873111605644
44.75,10.25,2016,333.73582112789154
44.75,10.75,1982,377.48321855068207
44.75,10.75,1983,291.43026119470596
44.75,10.75,1984,449.25910663604736
44.75,10.75,1985,233.26422354578972
44.75,10.75,1986,318.72020757198334
44.75,10.75,1987,224.536936044693
44.75,10.75,1988,343.82281839847565
44.75,10.75,1989,511.455060005188
44.75,10.75,1990,291.5913655757904
44.75,10.75,1991,302.1932787299156
44.75,10.75,1992,245.50527065992355
44.75,10.75,1993,275.0368194580078
44.75,10.75,1994,393.0615982413292
44.75,10.75,1995,427.16680055856705
44.75,10.75,1996,342.48921620845795
44.75,10.75,1997,275.51144111156464
44.75,10.75,1998,280.8353021144867
44.75,10.75,1999,395.42818212509155
44.75,10.75,2000,308.6657359600067
44.75,10.75,2001,347.28656589984894
44.75,10.75,2002,594.4310994148254
44.75,10.75,2003,193.8480852842331
44.75,10.75,2004,322.54686200618744
44.75,10.75,2005,401.9628348350525
44.75,10.75,2006,330.5229108929634
44.75,10.75,2007,322.98922380805016
44.75,10.75,2008,425.20705765485764
44.75,10.75,2009,245.13702774047852
44.75,10.75,2010,502.9976645708084
44.75,10.75,2011,273.0750465989113
44.75,10.75,2012,368.71427834033966
44.75,10.75,2013,364.726700425148
44.75,10.75,2014,473.8441951274872
44.75,10.75,2015,295.23468470573425
44.75,10.75,2016,389.8474042415619
44.75,11.25,1982,333.4330493211746
44.75,11.25,1983,285.33621245622635
44.75,11.25,1984,398.284517288208
44.75,11.25,1985,190.39096727967262
44.75,11.25,1986,284.4169706106186
44.75,11.25,1987,217.73165893554688
44.75,11.25,1988,320.0947413742542
44.75,11.25,1989,539.1845808029175
44.75,11.25,1990,283.0202748775482
44.75,11.25,1991,282.7088546156883
44.75,11.25,1992,194.79860699176788
44.75,11.25,1993,239.2053433060646
44.75,11.25,1994,353.8030534982681
44.75,11.25,1995,439.74770629405975
44.75,11.25,1996,341.29630494117737
44.75,11.25,1997,258.9646921157837
44.75,11.25,1998,275.7811563014984
44.75,11.25,1999,375.6457824707031
44.75,11.25,2000,281.9130502939224
44.75,11.25,2001,318.49896693229675
44.75,11.25,2002,603.1424472332001
44.75,11.25,2003,189.2112084031105
44.75,11.25,2004,276.2692164182663
44.75,11.25,2005,403.98130214214325
44.75,11.25,2006,310.0922449827194
44.75,11.25,2007,282.0554906129837
44.75,11.25,2008,410.9749199151993
44.75,11.25,2009,261.04040372371674
44.75,11.25,2010,467.13587045669556
44.75,11.25,2011,272.63510997593403
44.75,11.25,2012,342.79167354106903
44.75,11.25,2013,331.4004691839218
44.75,11.25,2014,466.8682692050934
44.75,11.25,2015,274.1420171260834
44.75,11.25,2016,408.88371151685715
44.75,11.75,1982,310.55137062072754
44.75,11.75,1983,253.42627412080765
44.75,11.75,1984,379.8196049928665
44.75,11.75,1985,176.9815450310707
44.75,11.75,1986,245.9981882572174
44.75,11.75,1987,218.8488283753395
44.75,11.75,1988,313.570817142725
44.75,11.75,1989,526.6231679916382
44.75,11.75,1990,284.0134189128876
44.75,11.75,1991,277.2083541750908
44.75,11.75,1992,187.4595999121666
44.75,11.75,1993,245.46068173646927
44.75,11.75,1994,311.5720880627632
44.75,11.75,1995,470.58486104011536
44.75,11.75,1996,346.6408907175064
44.75,11.75,1997,263.08291697502136
44.75,11.75,1998,264.9564571380615
44.75,11.75,1999,346.1081418991089
44.75,11.75,2000,250.94056606292725
44.75,11.75,2001,297.0602140426636
44.75,11.75,2002,597.0575907230377
44.75,11.75,2003,199.99279981851578
44.75,11.75,2004,257.79501605033875
44.75,11.75,2005,401.88461196422577
44.75,11.75,2006,317.22764456272125
44.75,11.75,2007,281.05761367082596
44.75,11.75,2008,411.2764595746994
44.75,11.75,2009,254.6691815853119
44.75,11.75,2010,460.7493419647217
44.75,11.75,2011,230.56240126490593
44.75,11.75,2012,326.7492362856865
44.75,11.75,2013,309.02349519729614
44.75,11.75,2014,489.536990404129
44.75,11.75,2015,249.3976527452469
44.75,11.75,2016,428.49717807769775
45.25,6.75,1982,513.5277967453003
45.25,6.75,1983,593.112731218338
45.25,6.75,1984,609.1242434978485
45.25,6.75,1985,555.9901478290558
45.25,6.75,1986,432.1494336128235
45.25,6.75,1987,490.4265513420105
45.25,6.75,1988,527.2446572780609
45.25,6.75,1989,409.8729045391083
45.25,6.75,1990,421.45119321346283
45.25,6.75,1991,456.2395236492157
45.25,6.75,1992,668.9475221633911
45.25,6.75,1993,619.928060054779
45.25,6.75,1994,668.1599147319794
45.25,6.75,1995,596.8213520050049
45.25,6.75,1996,559.232250213623
45.25,6.75,1997,536.3185787200928
45.25,6.75,1998,482.9279465675354
45.25,6.75,1999,632.593897819519
45.25,6.75,2000,540.5910775661469
45.25,6.75,2001,537.1283807754517
45.25,6.75,2002,729.760922908783
45.25,6.75,2003,395.74136543273926
45.25,6.75,2004,371.58254647254944
45.25,6.75,2005,474.9414440393448
45.25,6.75,2006,601.1016781330109
45.25,6.75,2007,591.22478723526
45.25,6.75,2008,591.6412990093231
45.25,6.75,2009,450.475049495697
45.25,6.75,2010,606.8115532398224
45.25,6.75,2011,578.1334471702576
45.25,6.75,2012,517.9020256996155
45.25,6.75,2013,556.4370465278625
45.25,6.75,2014,578.0596494674683
45.25,6.75,2015,553.9825842380524
45.25,6.75,2016,529.2426376342773
45.25,7.25,1982,844.2871341705322
45.25,7.25,1983,834.6644432544708
45.25,7.25,1984,948.3504930734634
45.25,7.25,1985,828.8951575756073
45.25,7.25,1986,739.9755592346191
45.25,7.25,1987,767.6172728538513
45.25,7.25,1988,942.3852634429932
45.25,7.25,1989,640.368471622467
45.25,7.25,1990,685.2666156291962
45.25,7.25,1991,613.7393741607666
45.25,7.25,1992,1061.3791227340698
45.25,7.25,1993,1042.545470714569
45.25,7.25,1994,1076.6584572792053
45.25,7.25,1995,873.7012066841125
45.25,7.25,1996,796.9047045707703
45.25,7.25,1997,775.1457011699677
45.25,7.25,1998,770.0628287792206
45.25,7.25,1999,1032.9951734542847
45.25,7.25,2000,873.3499960899353
45.25,7.25,2001,833.4255743026733
45.25,7.25,2002,1160.029866695404
45.25,7.25,2003,577.168616771698
45.25,7.25,2004,624.2544708251953
45.25,7.25,2005,755.6867227554321
45.25,7.25,2006,824.5867576599121
45.25,7.25,2007,888.1187427043915
45.25,7.25,2008,1021.9506464004517
45.25,7.25,2009,780.4680247306824
45.25,7.25,2010,994.2937278747559
45.25,7.25,2011,898.0581269264221
45.25,7.25,2012,959.6491856575012
45.25,7.25,2013,923.6929125785828
45.25,7.25,2014,933.8687233924866
45.25,7.25,2015,818.8785352706909
45.25,7.25,2016,830.2487640380859
45.25,7.75,1982,543.2859425544739
45.25,7.75,1983,541.5428049564362
45.25,7.75,1984,750.7715292572975
45.25,7.75,1985,556.6240820884705
45.25,7.75,1986,418.1646866798401
45.25,7.75,1987,481.1358160972595
45.25,7.75,1988,612.4341869354248
45.25,7.75,1989,287.85745561122894
45.25,7.75,1990,341.2066751718521
45.25,7.75,1991,392.45995914936066
45.25,7.75,1992,738.7897310256958
45.25,7.75,1993,718.0007903575897
45.25,7.75,1994,705.7743064165115
45.25,7.75,1995,624.6306688785553
45.25,7.75,1996,467.14085960388184
45.25,7.75,1997,454.34841907024384
45.25,7.75,1998,474.8020634651184
45.25,7.75,1999,671.1187782287598
45.25,7.75,2000,599.3839576244354
45.25,7.75,2001,537.9652698040009
45.25,7.75,2002,897.2000098228455
45.25,7.75,2003,219.83908569812775
45.25,7.75,2004,339.7925777435303
45.25,7.75,2005,518.3337166309357
45.25,7.75,2006,508.6107076406479
45.25,7.75,2007,615.0471332073212
45.25,7.75,2008,634.3590819835663
45.25,7.75,2009,391.0279920101166
45.25,7.75,2010,671.382576584816
45.25,7.75,2011,525.237063407898
45.25,7.75,2012,592.0001308917999
45.25,7.75,2013,613.490800857544
45.25,7.75,2014,619.6717519760132
45.25,7.75,2015,567.3841021060944
45.25,7.75,2016,489.78963804244995
45.25,8.25,1982,538.7477271556854
45.25,8.25,1983,419.56947672367096
45.25,8.25,1984,662.358770698309
45.25,8.25,1985,463.3750796318054
45.25,8.25,1986,363.29614675045013
45.25,8.25,1987,422.4652647972107
45.25,8.25,1988,454.914430141449
45.25,8.25,1989,295.1877330541611
45.25,8.25,1990,304.43220603466034
45.25,8.25,1991,360.6387410759926
45.25,8.25,1992,648.1303708553314
45.25,8.25,1993,531.1738514900208
45.25,8.25,1994,579.2325170040131
45.25,8.25,1995,614.1678755283356
45.25,8.25,1996,417.80625653266907
45.25,8.25,1997,420.7031179070473
45.25,8.25,1998,407.293475151062
45.25,8.25,1999,536.6295366287231
45.25,8.25,2000,564.8185901641846
45.25,8.25,2001,435.36775279045105
45.25,8.25,2002,802.8854341506958
45.25,8.25,2003,237.04948675632477
45.25,8.25,2004,278.958124935627
45.25,8.25,2005,468.7489000558853
45.25,8.25,2006,474.927576482296
45.25,8.25,2007,529.2222785949707
45.25,8.25,2008,562.7812725305557
45.25,8.25,2009,330.67843985557556
45.25,8.25,2010,626.5809495449066
45.25,8.25,2011,441.29913353919983
45.25,8.25,2012,444.48705291748047
45.25,8.25,2013,615.095470905304
45.25,8.25,2014,581.1505320072174
45.25,8.25,2015,535.3722554445267
45.25,8.25,2016,457.8636748790741
45.25,8.75,1982,487.1976718902588
45.25,8.75,1983,370.8429378271103
45.25,8.75,1984,556.4453503489494
45.25,8.75,1985,375.32891941070557
45.25,8.75,1986,343.3932682275772
45.25,8.75,1987,327.23686730861664
45.25,8.75,1988,346.08215725421906
45.25,8.75,1989,251.42586544156075
45.25,8.75,1990,254.68938648700714
45.25,8.75,1991,313.8925843834877
45.25,8.75,1992,440.9640271663666
45.25,8.75,1993,444.01245737075806
45.25,8.75,1994,550.2267910242081
45.25,8.75,1995,517.7784024477005
45.25,8.75,1996,402.7259752750397
45.25,8.75,1997,372.6514596939087
45.25,8.75,1998,365.2256314754486
45.25,8.75,1999,434.944135427475
45.25,8.75,2000,474.46355509757996
45.25,8.75,2001,357.79495429992676
45.25,8.75,2002,625.0131599903107
45.25,8.75,2003,215.52155017852783
45.25,8.75,2004,255.9877142906189
45.25,8.75,2005,423.8404312133789
45.25,8.75,2006,428.8343394994736
45.25,8.75,2007,450.5577630996704
45.25,8.75,2008,511.3397355079651
45.25,8.75,2009,262.1205436885357
45.25,8.75,2010,601.4390499591827
45.25,8.75,2011,375.5194525718689
45.25,8.75,2012,354.0010986328125
45.25,8.75,2013,443.2334463596344
45.25,8.75,2014,479.2553970813751
45.25,8.75,2015,412.45229268074036
45.25,8.75,2016,381.00524139404297
45.25,9.25,1982,452.10092210769653
45.25,9.25,1983,347.347818672657
45.25,9.25,1984,531.1252621412277
45.25,9.25,1985,334.91617476940155
45.25,9.25,1986,336.30088090896606
45.25,9.25,1987,279.4504860639572
45.25,9.25,1988,357.5170878171921
45.25,9.25,1989,314.35469937324524
45.25,9.25,1990,295.8054201602936
45.25,9.25,1991,310.79359954595566
45.25,9.25,1992,379.19304406642914
45.25,9.25,1993,404.53559947013855
45.25,9.25,1994,469.50186491012573
45.25,9.25,1995,493.13043081760406
45.25,9.25,1996,375.52872812747955
45.25,9.25,1997,408.29149866104126
45.25,9.25,1998,379.4202127456665
45.25,9.25,1999,376.02437341213226
45.25,9.25,2000,394.0764698982239
45.25,9.25,2001,331.4777373075485
45.25,9.25,2002,656.2624526023865
45.25,9.25,2003,198.37305265665054
45.25,9.25,2004,272.9864829778671
45.25,9.25,2005,450.94517159461975
45.25,9.25,2006,352.01210820674896
45.25,9.25,2007,437.3639908730984
45.25,9.25,2008,473.72189152240753
45.25,9.25,2009,240.84717375040054
45.25,9.25,2010,668.3638594150543
45.25,9.25,2011,359.508305311203
45.25,9.25,2012,357.75857162475586
45.25,9.25,2013,427.19134759902954
45.25,9.25,2014,463.09511506557465
45.25,9.25,2015,377.1547785997391
45.25,9.25,2016,440.4831795692444
45.25,9.75,1982,520.8861517906189
45.25,9.75,1983,347.47965878248215
45.25,9.75,1984,553.7667039632797
45.25,9.75,1985,339.4606617093086
45.25,9.75,1986,356.94682335853577
45.25,9.75,1987,323.7468432188034
45.25,9.75,1988,375.36499536037445
45.25,9.75,1989,435.12711322307587
45.25,9.75,1990,331.0391342639923
45.25,9.75,1991,351.8626933544874
45.25,9.75,1992,379.8536276817322
45.25,9.75,1993,393.5249831676483
45.25,9.75,1994,465.6790313720703
45.25,9.75,1995,499.72272861003876
45.25,9.75,1996,392.38398933410645
45.25,9.75,1997,410.8848167657852
45.25,9.75,1998,414.1496924161911
45.25,9.75,1999,369.02210998535156
45.25,9.75,2000,385.24211037158966
45.25,9.75,2001,370.0484174489975
45.25,9.75,2002,699.8800292015076
45.25,9.75,2003,202.6689824461937
45.25,9.75,2004,335.3020461797714
45.25,9.75,2005,480.58812379837036
45.25,9.75,2006,350.0472606420517
45.25,9.75,2007,490.3040816783905
45.25,9.75,2008,478.14288854599
45.25,9.75,2009,282.1016298830509
45.25,9.75,2010,684.5974056720734
45.25,9.75,2011,382.4296852350235
45.25,9.75,2012,420.8396873474121
45.25,9.75,2013,479.02895295619965
45.25,9.75,2014,537.9195086956024
45.25,9.75,2015,366.7834173440933
45.25,9.75,2016,491.0850213766098
45.25,10.25,1982,558.8397843837738
45.25,10.25,1983,374.76950538158417
45.25,10.25,1984,551.7031791210175
45.25,10.25,1985,321.24863559007645
45.25,10.25,1986,344.74259781837463
45.25,10.25,1987,316.7525427341461
45.25,10.25,1988,369.93508183956146
45.25,10.25,1989,454.83890867233276
45.25,10.25,1990,307.56856775283813
45.25,10.25,1991,367.61247961223125
45.25,10.25,1992,362.86474430561066
45.25,10.25,1993,368.27174603939056
45.25,10.25,1994,449.25568747520447
45.25,10.25,1995,473.7324903011322
45.25,10.25,1996,378.63916969299316
45.25,10.25,1997,368.1179324388504
45.25,10.25,1998,426.4796302318573
45.25,10.25,1999,382.17321479320526
45.25,10.25,2000,415.3256530761719
45.25,10.25,2001,388.9144433736801
45.25,10.25,2002,726.782567024231
45.25,10.25,2003,200.07541251182556
45.25,10.25,2004,349.9718198776245
45.25,10.25,2005,502.45957136154175
45.25,10.25,2006,367.01669704914093
45.25,10.25,2007,498.31311762332916
45.25,10.25,2008,464.0380668640137
45.25,10.25,2009,272.617021471262
45.25,10.25,2010,630.6961100101471
45.25,10.25,2011,435.8936256170273
45.25,10.25,2012,439.70346331596375
45.25,10.25,2013,470.51559948921204
45.25,10.25,2014,569.4967381954193
45.25,10.25,2015,316.72220063209534
45.25,10.25,2016,487.9526472091675
45.25,10.75,1982,550.3837978839874
45.25,10.75,1983,368.012265086174
45.25,10.75,1984,541.5330346822739
45.25,10.75,1985,299.2302314043045
45.25,10.75,1986,317.17494082450867
45.25,10.75,1987,298.36159694194794
45.25,10.75,1988,369.91256964206696
45.25,10.75,1989,464.12804186344147
45.25,10.75,1990,319.1578150987625
45.25,10.75,1991,373.0787208676338
45.25,10.75,1992,330.8283278942108
45.25,10.75,1993,311.4375078678131
45.25,10.75,1994,477.29897809028625
45.25,10.75,1995,513.675164937973
45.25,10.75,1996,346.93586325645447
45.25,10.75,1997,361.2001864910126
45.25,10.75,1998,377.85987293720245
45.25,10.75,1999,413.08345925807953
45.25,10.75,2000,403.214693069458
45.25,10.75,2001,390.3453013896942
45.25,10.75,2002,772.0642747879028
45.25,10.75,2003,199.47995615005493
45.25,10.75,2004,339.4518041610718
45.25,10.75,2005,534.2074272632599
45.25,10.75,2006,386.9402117729187
45.25,10.75,2007,486.88592660427094
45.25,10.75,2008,440.7066168785095
45.25,10.75,2009,246.81500354409218
45.25,10.75,2010,619.0055524110794
45.25,10.75,2011,452.5709083676338
45.25,10.75,2012,404.9128255844116
45.25,10.75,2013,470.1582155227661
45.25,10.75,2014,564.8275593519211
45.25,10.75,2015,293.26022589206696
45.25,10.75,2016,509.51744174957275
45.25,11.25,1982,544.3231220245361
45.25,11.25,1983,335.70948588848114
45.25,11.25,1984,529.4488797187805
45.25,11.25,1985,280.5632721185684
45.25,11.25,1986,297.95037150382996
45.25,11.25,1987,306.59871792793274
45.25,11.25,1988,372.9343384504318
45.25,11.25,1989,481.4165643453598
45.25,11.25,1990,359.1561188697815
45.25,11.25,1991,387.74496603012085
45.25,11.25,1992,310.78531980514526
45.25,11.25,1993,296.8155528306961
45.25,11.25,1994,464.1014132499695
45.25,11.25,1995,578.7413376569748
45.25,11.25,1996,329.9647784233093
45.25,11.25,1997,362.9988956451416
45.25,11.25,1998,355.3177264928818
45.25,11.25,1999,385.53374433517456
45.25,11.25,2000,369.8030049800873
45.25,11.25,2001,361.4175435304642
45.25,11.25,2002,730.5118799209595
45.25,11.25,2003,220.4026580452919
45.25,11.25,2004,326.25955617427826
45.25,11.25,2005,515.4110913276672
45.25,11.25,2006,371.58478331565857
45.25,11.25,2007,488.8867312669754
45.25,11.25,2008,447.85409820079803
45.25,11.25,2009,273.8489725589752
45.25,11.25,2010,637.3867976665497
45.25,11.25,2011,414.98264676332474
45.25,11.25,2012,386.92601108551025
45.25,11.25,2013,460.52341198921204
45.25,11.25,2014,584.1435101032257
45.25,11.25,2015,324.592159986496
45.25,11.25,2016,541.0647555589676
45.25,11.75,1982,511.90434312820435
45.25,11.75,1983,323.8526484966278
45.25,11.75,1984,487.56645810604095
45.25,11.75,1985,279.519317984581
45.25,11.75,1986,307.1584697961807
45.25,11.75,1987,306.7133107185364
45.25,11.75,1988,347.88117277622223
45.25,11.75,1989,484.8111650943756
45.25,11.75,1990,367.8858699798584
45.25,11.75,1991,374.86663711071014
45.25,11.75,1992,293.14738166332245
45.25,11.75,1993,304.51538318395615
45.25,11.75,1994,376.4471114873886
45.25,11.75,1995,622.0273550748825
45.25,11.75,1996,345.60297429561615
45.25,11.75,1997,335.6802006959915
45.25,11.75,1998,373.3746967315674
45.25,11.75,1999,361.21546363830566
45.25,11.75,2000,313.8691836595535
45.25,11.75,2001,402.4322518110275
45.25,11.75,2002,713.6553416252136
45.25,11.75,2003,229.07226127386093
45.25,11.75,2004,321.237890958786
45.25,11.75,2005,509.3043851852417
45.25,11.75,2006,356.16704976558685
45.25,11.75,2007,492.18236792087555
45.25,11.75,2008,466.2989424467087
45.25,11.75,2009,303.27693098783493
45.25,11.75,2010,619.0376921892166
45.25,11.75,2011,361.1006896495819
45.25,11.75,2012,372.2029286623001
45.25,11.75,2013,459.2775853872299
45.25,11.75,2014,599.3478667736053
45.25,11.75,2015,361.71169340610504
45.25,11.75,2016,562.2827808856964
45.75,7.75,1982,797.3665602207184
45.75,7.75,1983,878.028461933136
45.75,7.75,1984,968.8663140535355
45.75,7.75,1985,773.3685035705566
45.75,7.75,1986,589.0377395153046
45.75,7.75,1987,794.3300070762634
45.75,7.75,1988,848.1101212501526
45.75,7.75,1989,589.9619071483612
45.75,7.75,1990,600.9241602420807
45.75,7.75,1991,592.5662441253662
45.75,7.75,1992,952.4354639053345
45.75,7.75,1993,1067.3948907852173
45.75,7.75,1994,912.6930713653564
45.75,7.75,1995,864.8188328742981
45.75,7.75,1996,782.7436056137085
45.75,7.75,1997,779.8062794208527
45.75,7.75,1998,731.0593786239624
45.75,7.75,1999,997.2709488868713
45.75,7.75,2000,824.0886328220367
45.75,7.75,2001,774.2570190429688
45.75,7.75,2002,1166.9561948776245
45.75,7.75,2003,460.2391188144684
45.75,7.75,2004,560.8853669166565
45.75,7.75,2005,743.1247909069061
45.75,7.75,2006,809.3400764465332
45.75,7.75,2007,853.097948551178
45.75,7.75,2008,868.2537417411804
45.75,7.75,2009,704.7471699714661
45.75,7.75,2010,946.3492970466614
45.75,7.75,2011,766.8232681751251
45.75,7.75,2012,768.3991966247559
45.75,7.75,2013,831.9839639663696
45.75,7.75,2014,780.2169122695923
45.75,7.75,2015,787.8036742210388
45.75,7.75,2016,782.5289211273193
45.75,8.25,1982,1260.8502960205078
45.75,8.25,1983,1150.2835381031036
45.75,8.25,1984,1259.917317867279
45.75,8.25,1985,1130.1098251342773
45.75,8.25,1986,848.9783353805542
45.75,8.25,1987,1264.7493057250977
45.75,8.25,1988,1151.3582782745361
45.75,8.25,1989,743.985358953476
45.75,8.25,1990,847.3402218818665
45.75,8.25,1991,865.2558040618896
45.75,8.25,1992,1216.656286239624
45.75,8.25,1993,1316.758159160614
45.75,8.25,1994,1211.0003361701965
45.75,8.25,1995,1071.4935958385468
45.75,8.25,1996,1083.5070385932922
45.75,8.25,1997,1065.154116153717
45.75,8.25,1998,1021.436573266983
45.75,8.25,1999,1342.5156936645508
45.75,8.25,2000,1190.5823154449463
45.75,8.25,2001,1156.390193939209
45.75,8.25,2002,1390.9155254364014
45.75,8.25,2003,530.0873653888702
45.75,8.25,2004,790.3749966621399
45.75,8.25,2005,875.9991488456726
45.75,8.25,2006,951.9067325592041
45.75,8.25,2007,1113.4182600975037
45.75,8.25,2008,1157.4401769638062
45.75,8.25,2009,844.8914332389832
45.75,8.25,2010,1315.804455757141
45.75,8.25,2011,1003.1864056587219
45.75,8.25,2012,1097.3936071395874
45.75,8.25,2013,1027.0151562690735
45.75,8.25,2014,1186.0955018997192
45.75,8.25,2015,1098.7525329589844
45.75,8.25,2016,1078.3213686943054
45.75,8.75,1982,992.8382868766785
45.75,8.75,1983,751.0640404224396
45.75,8.75,1984,849.0871650576591
45.75,8.75,1985,711.130863904953
45.75,8.75,1986,517.6302809715271
45.75,8.75,1987,823.5119414329529
45.75,8.75,1988,692.2526211738586
45.75,8.75,1989,382.4185882806778
45.75,8.75,1990,474.43197107315063
45.75,8.75,1991,615.212218105793
45.75,8.75,1992,808.6463599205017
45.75,8.75,1993,856.2793250083923
45.75,8.75,1994,824.9059451818466
45.75,8.75,1995,757.2251560688019
45.75,8.75,1996,745.4327435493469
45.75,8.75,1997,674.6470366716385
45.75,8.75,1998,645.8364412784576
45.75,8.75,1999,716.4826852083206
45.75,8.75,2000,815.4116554260254
45.75,8.75,2001,688.8115003108978
45.75,8.75,2002,928.9149823188782
45.75,8.75,2003,324.83532321453094
45.75,8.75,2004,418.029016494751
45.75,8.75,2005,528.2709012031555
45.75,8.75,2006,574.4131461381912
45.75,8.75,2007,755.3063504695892
45.75,8.75,2008,813.3078284263611
45.75,8.75,2009,486.69925117492676
45.75,8.75,2010,916.8946189880371
45.75,8.75,2011,670.4969766139984
45.75,8.75,2012,674.4279930591583
45.75,8.75,2013,697.5373620986938
45.75,8.75,2014,787.1762833595276
45.75,8.75,2015,744.4668538570404
45.75,8.75,2016,703.0280339717865
45.75,9.25,1982,937.2330560684204
45.75,9.25,1983,661.2290685176849
45.75,9.25,1984,807.2228429317474
45.75,9.25,1985,637.936235666275
45.75,9.25,1986,559.5986354351044
45.75,9.25,1987,746.4037523269653
45.75,9.25,1988,697.4836106300354
45.75,9.25,1989,473.014435172081
45.75,9.25,1990,518.6465120315552
45.75,9.25,1991,584.4642494916916
45.75,9.25,1992,685.6038546562195
45.75,9.25,1993,792.3131968975067
45.75,9.25,1994,744.8139299154282
45.75,9.25,1995,713.9600057601929
45.75,9.25,1996,690.3510684967041
45.75,9.25,1997,676.0396246910095
45.75,9.25,1998,673.4914107322693
45.75,9.25,1999,649.1252408027649
45.75,9.25,2000,685.4438471794128
45.75,9.25,2001,611.7935218811035
45.75,9.25,2002,879.6522612571716
45.75,9.25,2003,350.2970995903015
45.75,9.25,2004,442.14726543426514
45.75,9.25,2005,560.5035660266876
45.75,9.25,2006,515.2957638502121
45.75,9.25,2007,720.0835225582123
45.75,9.25,2008,811.8670344352722
45.75,9.25,2009,467.3428157567978
45.75,9.25,2010,953.2882165908813
45.75,9.25,2011,693.7544741630554
45.75,9.25,2012,689.0661716461182
45.75,9.25,2013,668.1968133449554
45.75,9.25,2014,801.3019177913666
45.75,9.25,2015,699.3932101726532
45.75,9.25,2016,740.8698287010193
45.75,9.75,1982,827.8510785102844
45.75,9.75,1983,642.4619860649109
45.75,9.75,1984,773.8327533006668
45.75,9.75,1985,662.3306567668915
45.75,9.75,1986,594.3863425254822
45.75,9.75,1987,732.9949486255646
45.75,9.75,1988,743.6598522663116
45.75,9.75,1989,581.6435561180115
45.75,9.75,1990,603.2093443870544
45.75,9.75,1991,637.5259296894073
45.75,9.75,1992,648.374059677124
45.75,9.75,1993,784.6343626976013
45.75,9.75,1994,729.3584289550781
45.75,9.75,1995,741.9346089363098
45.75,9.75,1996,680.5420227050781
45.75,9.75,1997,675.2950022220612
45.75,9.75,1998,707.2458033561707
45.75,9.75,1999,725.0246059894562
45.75,9.75,2000,644.4017746448517
45.75,9.75,2001,630.0700168609619
45.75,9.75,2002,911.3774914741516
45.75,9.75,2003,393.1066792011261
45.75,9.75,2004,576.0323152542114
45.75,9.75,2005,624.5198163986206
45.75,9.75,2006,528.8127870559692
45.75,9.75,2007,719.0378861427307
45.75,9.75,2008,843.1012666225433
45.75,9.75,2009,529.4622576236725
45.75,9.75,2010,950.8367028236389
45.75,9.75,2011,769.1888694763184
45.75,9.75,2012,758.2083239555359
45.75,9.75,2013,724.7863614559174
45.75,9.75,2014,834.138115644455
45.75,9.75,2015,687.9205331802368
45.75,9.75,2016,777.916469335556
45.75,10.25,1982,750.5630555152893
45.75,10.25,1983,627.5795080661774
45.75,10.25,1984,705.3539063930511
45.75,10.25,1985,624.5212733745575
45.75,10.25,1986,536.6240572929382
45.75,10.25,1987,688.8146378993988
45.75,10.25,1988,688.9880306720734
45.75,10.25,1989,601.3504679203033
45.75,10.25,1990,549.4464831352234
45.75,10.25,1991,642.0924319028854
45.75,10.25,1992,558.5302484035492
45.75,10.25,1993,727.7293076515198
45.75,10.25,1994,666.859991312027
45.75,10.25,1995,715.3933248519897
45.75,10.25,1996,645.9445915222168
45.75,10.25,1997,656.2834507226944
45.75,10.25,1998,696.6858122348785
45.75,10.25,1999,709.1499779224396
45.75,10.25,2000,637.9907698631287
45.75,10.25,2001,584.4582414627075
45.75,10.25,2002,886.1720151901245
45.75,10.25,2003,365.49702763557434
45.75,10.25,2004,616.3627324104309
45.75,10.25,2005,655.6828308105469
45.75,10.25,2006,525.610554933548
45.75,10.25,2007,707.329950094223
45.75,10.25,2008,758.0281190872192
45.75,10.25,2009,538.537982583046
45.75,10.25,2010,908.9438209533691
45.75,10.25,2011,742.2979500293732
45.75,10.25,2012,670.6375615596771
45.75,10.25,2013,704.1200923919678
45.75,10.25,2014,811.6244626045227
45.75,10.25,2015,598.6938798427582
45.75,10.25,2016,715.9185378551483
45.75,10.75,1982,639.5382235050201
45.75,10.75,1983,599.6328271627426
45.75,10.75,1984,679.0198872089386
45.75,10.75,1985,604.5246914625168
45.75,10.75,1986,472.6847369670868
45.75,10.75,1987,620.6851048469543
45.75,10.75,1988,571.8235387802124
45.75,10.75,1989,565.2509453296661
45.75,10.75,1990,490.2116451263428
45.75,10.75,1991,617.3366894721985
45.75,10.75,1992,474.0461196899414
45.75,10.75,1993,611.6905035972595
45.75,10.75,1994,642.4066650867462
45.75,10.75,1995,700.215409040451
45.75,10.75,1996,569.2541711330414
45.75,10.75,1997,631.2116125822067
45.75,10.75,1998,643.1559543609619
45.75,10.75,1999,662.9559514522552
45.75,10.75,2000,591.6077952384949
45.75,10.75,2001,541.9395244121552
45.75,10.75,2002,863.3610558509827
45.75,10.75,2003,348.0440471172333
45.75,10.75,2004,555.8810024261475
45.75,10.75,2005,652.5920135974884
45.75,10.75,2006,483.4769107103348
45.75,10.75,2007,651.0752577781677
45.75,10.75,2008,653.0796556472778
45.75,10.75,2009,445.3146883249283
45.75,10.75,2010,812.2294917106628
45.75,10.75,2011,647.6741142272949
45.75,10.75,2012,600.0525510311127
45.75,10.75,2013,643.8440589904785
45.75,10.75,2014,706.6883056163788
45.75,10.75,2015,506.5390877723694
45.75,10.75,2016,636.5207056999207
45.75,11.25,1982,676.1397671699524
45.75,11.25,1983,597.3524695634842
45.75,11.25,1984,761.6323728561401
45.75,11.25,1985,613.9051278829575
45.75,11.25,1986,495.7189972400665
45.75,11.25,1987,627.166659116745
45.75,11.25,1988,591.1934731006622
45.75,11.25,1989,670.9779512882233
45.75,11.25,1990,536.5429286956787
45.75,11.25,1991,649.3835545778275
45.75,11.25,1992,511.4814326763153
45.75,11.25,1993,585.9034109115601
45.75,11.25,1994,676.9368197917938
45.75,11.25,1995,835.0459122657776
45.75,11.25,1996,619.4837329387665
45.75,11.25,1997,640.6110788583755
45.75,11.25,1998,660.1224567890167
45.75,11.25,1999,655.1308765411377
45.75,11.25,2000,582.1350383758545
45.75,11.25,2001,540.6028566360474
45.75,11.25,2002,947.2394137382507
45.75,11.25,2003,366.544331908226
45.75,11.25,2004,562.5130791664124
45.75,11.25,2005,669.1632039546967
45.75,11.25,2006,526.3254107236862
45.75,11.25,2007,706.3675920963287
45.75,11.25,2008,700.475661277771
45.75,11.25,2009,522.091136097908
45.75,11.25,2010,872.7849020957947
45.75,11.25,2011,658.6325367689133
45.75,11.25,2012,634.9303562641144
45.75,11.25,2013,740.9217381477356
45.75,11.25,2014,769.1203575134277
45.75,11.25,2015,570.8317365646362
45.75,11.25,2016,748.0976095199585
45.75,11.75,1982,668.1743891239166
45.75,11.75,1983,542.9053835868835
45.75,11.75,1984,767.9460909366608
45.75,11.75,1985,554.5203202962875
45.75,11.75,1986,500.2824692726135
45.75,11.75,1987,570.2174983024597
45.75,11.75,1988,627.0583539009094
45.75,11.75,1989,680.723860502243
45.75,11.75,1990,562.4261014461517
45.75,11.75,1991,657.9245744943619
45.75,11.75,1992,465.36942183971405
45.75,11.75,1993,492.15416526794434
45.75,11.75,1994,591.6472680568695
45.75,11.75,1995,836.1809253692627
45.75,11.75,1996,624.1962373256683
45.75,11.75,1997,600.9033064842224
45.75,11.75,1998,607.2662129402161
45.75,11.75,1999,560.2471511363983
45.75,11.75,2000,539.1210231781006
45.75,11.75,2001,542.7411711215973
45.75,11.75,2002,925.1262059211731
45.75,11.75,2003,344.0405623912811
45.75,11.75,2004,565.9108941555023
45.75,11.75,2005,678.2479240894318
45.75,11.75,2006,511.30127370357513
45.75,11.75,2007,721.6771507263184
45.75,11.75,2008,662.9196932315826
45.75,11.75,2009,507.79738759994507
45.75,11.75,2010,847.696971654892
45.75,11.75,2011,559.1415719985962
45.75,11.75,2012,647.6616268157959
45.75,11.75,2013,740.1017923355103
45.75,11.75,2014,767.5952544212341
45.75,11.75,2015,602.0702722072601
45.75,11.75,2016,754.2914247512817
46.25,11.75,1982,976.4770789146423
46.25,11.75,1983,860.0575947761536
46.25,11.75,1984,914.635999917984
46.25,11.75,1985,876.8596398830414
46.25,11.75,1986,848.9150032997131
46.25,11.75,1987,978.7787871360779
46.25,11.75,1988,941.2450881004333
46.25,11.75,1989,930.7869029045105
46.25,11.75,1990,831.7355289459229
46.25,11.75,1991,891.3655295372009
46.25,11.75,1992,791.7537617683411
46.25,11.75,1993,862.4947738647461
46.25,11.75,1994,927.6121077537537
46.25,11.75,1995,1012.8979153633118
46.25,11.75,1996,1013.8403835296631
46.25,11.75,1997,980.7678060531616
46.25,11.75,1998,994.603521823883
46.25,11.75,1999,1026.4255414009094
46.25,11.75,2000,878.1066570281982
46.25,11.75,2001,854.8677463531494
46.25,11.75,2002,1128.225214958191
46.25,11.75,2003,707.5503687858582
46.25,11.75,2004,910.6188654899597
46.25,11.75,2005,921.6966423988342
46.25,11.75,2006,805.7469358444214
46.25,11.75,2007,1005.0797548294067
46.25,11.75,2008,1008.1471571922302
46.25,11.75,2009,866.8023352622986
46.25,11.75,2010,1084.8500442504883
46.25,11.75,2011,1059.2684621810913
46.25,11.75,2012,987.7971639633179
46.25,11.75,2013,1045.1048521995544
46.25,11.75,2014,1090.3994545936584
46.25,11.75,2015,986.0917754173279
46.25,11.75,2016,1078.1663479804993
46.25,12.25,1982,865.1919283866882
46.25,12.25,1983,774.1836969852448
46.25,12.25,1984,995.4443368911743
46.25,12.25,1985,847.7436099052429
46.25,12.25,1986,826.9458413124084
46.25,12.25,1987,935.758749961853
46.25,12.25,1988,919.6923937797546
46.25,12.25,1989,912.0669288635254
46.25,12.25,1990,784.6611807346344
46.25,12.25,1991,869.8710014820099
46.25,12.25,1992,681.4661340713501
46.25,12.25,1993,809.5953514575958
46.25,12.25,1994,881.0476050376892
46.25,12.25,1995,978.2292227745056
46.25,12.25,1996,993.9523301124573
46.25,12.25,1997,950.76793384552
46.25,12.25,1998,958.6963229179382
46.25,12.25,1999,954.6548705101013
46.25,12.25,2000,845.726345539093
46.25,12.25,2001,789.9766888618469
46.25,12.25,2002,1094.6212697029114
46.25,12.25,2003,608.796549320221
46.25,12.25,2004,973.1895818710327
46.25,12.25,2005,923.9608135223389
46.25,12.25,2006,766.6057205200195
46.25,12.25,2007,899.8492150306702
46.25,12.25,2008,960.7980642318726
46.25,12.25,2009,838.8671438694
46.25,12.25,2010,1068.9336810112
46.25,12.25,2011,955.516035079956
46.25,12.25,2012,962.2883906364441
46.25,12.25,2013,937.7312669754028
46.25,12.25,2014,1023.6824173927307
46.25,12.25,2015,898.8924946784973
46.25,12.25,2016,939.628053188324
46.75,12.25,1982,805.2431144714355
46.75,12.25,1983,751.4993915557861
46.75,12.25,1984,780.145304441452
46.75,12.25,1985,824.1666827201843
46.75,12.25,1986,723.5435552597046
46.75,12.25,1987,916.2135872840881
46.75,12.25,1988,869.3713111877441
46.75,12.25,1989,731.9838361740112
46.75,12.25,1990,735.2617318630219
46.75,12.25,1991,795.5197951793671
46.75,12.25,1992,611.4390556812286
46.75,12.25,1993,798.3242340087891
46.75,12.25,1994,815.1374988555908
46.75,12.25,1995,747.3268523216248
46.75,12.25,1996,893.4448099136353
46.75,12.25,1997,933.4866790771484
46.75,12.25,1998,909.4344182014465
46.75,12.25,1999,922.3361415863037
46.75,12.25,2000,887.6426768302917
46.75,12.25,2001,780.1911664009094
46.75,12.25,2002,868.4528541564941
46.75,12.25,2003,612.7485659122467
46.75,12.25,2004,810.668044090271
46.75,12.25,2005,804.3369565010071
46.75,12.25,2006,663.5101571083069
46.75,12.25,2007,940.4143133163452
46.75,12.25,2008,829.2791743278503
46.75,12.25,2009,773.5309076309204
46.75,12.25,2010,940.8895130157471
46.75,12.25,2011,980.117181301117
46.75,12.25,2012,984.9237606525421
46.75,12.25,2013,814.9553475379944
46.75,12.25,2014,847.5404365062714
46.75,12.25,2015,829.9586048126221
46.75,12.25,2016,906.182147026062
