lat,lon,year,solar_radiation
43.75,11.75,1982,2624704618.0
43.75,11.75,1983,2620408782.0
43.75,11.75,1984,2514478346.0
43.75,11.75,1985,2678356421.0
43.75,11.75,1986,2683026048.0
43.75,11.75,1987,2697742364.0
43.75,11.75,1988,2649594910.0
43.75,11.75,1989,2608386664.0
43.75,11.75,1990,2733153768.0
43.75,11.75,1991,2658675753.0
43.75,11.75,1992,2701494184.0
43.75,11.75,1993,2732179612.0
43.75,11.75,1994,2758352400.0
43.75,11.75,1995,2593705556.0
43.75,11.75,1996,2641703750.0
43.75,11.75,1997,2775137112.0
43.75,11.75,1998,2774281684.0
43.75,11.75,1999,2671587220.0
43.75,11.75,2000,2818621510.0
43.75,11.75,2001,2741946468.0
43.75,11.75,2002,2548553235.0
43.75,11.75,2003,2875009712.0
43.75,11.75,2004,2771673194.0
43.75,11.75,2005,2696401082.0
43.75,11.75,2006,2797559718.0
43.75,11.75,2007,2777908774.0
43.75,11.75,2008,2716201880.0
43.75,11.75,2009,2784611508.0
43.75,11.75,2010,2627055568.0
43.75,11.75,2011,2863352216.0
43.75,11.75,2012,2795034146.0
43.75,11.75,2013,2707369130.0
43.75,11.75,2014,2609109462.0
43.75,11.75,2015,2750808320.0
43.75,11.75,2016,2749254128.0
43.75,12.25,1982,2613747233.0
43.75,12.25,1983,2637945237.0
43.75,12.25,1984,2553888531.0
43.75,12.25,1985,2660228718.0
43.75,12.25,1986,2675939830.0
43.75,12.25,1987,2688205438.0
43.75,12.25,1988,2653783362.0
43.75,12.25,1989,2591337220.0
43.75,12.25,1990,2720510674.0
43.75,12.25,1991,2658868071.0
43.75,12.25,1992,2721634936.0
43.75,12.25,1993,2733976114.0
43.75,12.25,1994,2753933810.0
43.75,12.25,1995,2601448644.0
43.75,12.25,1996,2639877432.0
43.75,12.25,1997,2763022930.0
43.75,12.25,1998,2759956466.0
43.75,12.25,1999,2658838744.0
43.75,12.25,2000,2812895008.0
43.75,12.25,2001,2736702428.0
43.75,12.25,2002,2547355946.0
43.75,12.25,2003,2829288216.0
43.75,12.25,2004,2765012006.0
43.75,12.25,2005,2687832803.0
43.75,12.25,2006,2777766380.0
43.75,12.25,2007,2769978378.0
43.75,12.25,2008,2719561894.0
43.75,12.25,2009,2761668812.0
43.75,12.25,2010,2642273170.0
43.75,12.25,2011,2843475854.0
43.75,12.25,2012,2785366348.0
43.75,12.25,2013,2717807055.0
43.75,12.25,2014,2609594870.0
43.75,12.25,2015,2744961612.0
43.75,12.25,2016,2732626916.0
44.25,6.75,1982,2571489472.0
44.25,6.75,1983,2444179445.0
44.25,6.75,1984,2379179215.0
44.25,6.75,1985,2669113988.0
44.25,6.75,1986,2592178836.0
44.25,6.75,1987,2697417728.0
44.25,6.75,1988,2597800456.0
44.25,6.75,1989,2753713684.0
44.25,6.75,1990,2751360402.0
44.25,6.75,1991,2655705056.0
44.25,6.75,1992,2571936097.0
44.25,6.75,1993,2735717802.0
44.25,6.75,1994,2656173140.0
44.25,6.75,1995,2634645838.0
44.25,6.75,1996,2567749614.0
44.25,6.75,1997,2703137572.0
44.25,6.75,1998,2803466426.0
44.25,6.75,1999,2704038328.0
44.25,6.75,2000,2841488820.0
44.25,6.75,2001,2768585798.0
44.25,6.75,2002,2633113414.0
44.25,6.75,2003,2895820694.0
44.25,6.75,2004,2760461956.0
44.25,6.75,2005,2798318396.0
44.25,6.75,2006,2782471640.0
44.25,6.75,2007,2833054600.0
44.25,6.75,2008,2667980993.0
44.25,6.75,2009,2810918416.0
44.25,6.75,2010,2627911975.0
44.25,6.75,2011,2805107680.0
44.25,6.75,2012,2829687048.0
44.25,6.75,2013,2629550778.0
44.25,6.75,2014,2679977306.0
44.25,6.75,2015,2773621822.0
44.25,6.75,2016,2840808280.0
44.25,7.25,1982,2494372951.0
44.25,7.25,1983,2443912681.0
44.25,7.25,1984,2368274846.0
44.25,7.25,1985,2593339918.0
44.25,7.25,1986,2503367837.0
44.25,7.25,1987,2591311793.0
44.25,7.25,1988,2525622164.0
44.25,7.25,1989,2643949664.0
44.25,7.25,1990,2617509434.0
44.25,7.25,1991,2604515749.0
44.25,7.25,1992,2495549501.0
44.25,7.25,1993,2630604824.0
44.25,7.25,1994,2569785306.0
44.25,7.25,1995,2535223382.0
44.25,7.25,1996,2525026040.0
44.25,7.25,1997,2645965228.0
44.25,7.25,1998,2706548786.0
44.25,7.25,1999,2595060652.0
44.25,7.25,2000,2718779136.0
44.25,7.25,2001,2710844771.0
44.25,7.25,2002,2502320653.0
44.25,7.25,2003,2830990800.0
44.25,7.25,2004,2712804772.0
44.25,7.25,2005,2653843248.0
44.25,7.25,2006,2669544266.0
44.25,7.25,2007,2724860807.0
44.25,7.25,2008,2572145280.0
44.25,7.25,2009,2755616378.0
44.25,7.25,2010,2580705117.0
44.25,7.25,2011,2701641674.0
44.25,7.25,2012,2649182672.0
44.25,7.25,2013,2633618673.0
44.25,7.25,2014,2570525762.0
44.25,7.25,2015,2624206665.0
44.25,7.25,2016,2735092652.0
44.25,7.75,1982,2496935063.0
44.25,7.75,1983,2452485653.0
44.25,7.75,1984,2402195618.0
44.25,7.75,1985,2556035383.0
44.25,7.75,1986,2520624604.0
44.25,7.75,1987,2573479483.0
44.25,7.75,1988,2531853242.0
44.25,7.75,1989,2616804326.0
44.25,7.75,1990,2587967112.0
44.25,7.75,1991,2630637888.0
44.25,7.75,1992,2491070494.0
44.25,7.75,1993,2615307752.0
44.25,7.75,1994,2535074829.0
44.25,7.75,1995,2528612977.0
44.25,7.75,1996,2544235152.0
44.25,7.75,1997,2613766095.0
44.25,7.75,1998,2670546620.0
44.25,7.75,1999,2550511512.0
44.25,7.75,2000,2664806502.0
44.25,7.75,2001,2673315017.0
44.25,7.75,2002,2483410196.0
44.25,7.75,2003,2792609488.0
44.25,7.75,2004,2694184542.0
44.25,7.75,2005,2597750044.0
44.25,7.75,2006,2649738408.0
44.25,7.75,2007,2705195745.0
44.25,7.75,2008,2544313292.0
44.25,7.75,2009,2755443118.0
44.25,7.75,2010,2592489326.0
44.25,7.75,2011,2692014374.0
44.25,7.75,2012,2583090956.0
44.25,7.75,2013,2655918672.0
44.25,7.75,2014,2528803578.0
44.25,7.75,2015,2595025141.0
44.25,7.75,2016,2701382982.0
44.25,10.75,1982,2591038555.0
44.25,10.75,1983,2561027934.0
44.25,10.75,1984,2447919361.0
44.25,10.75,1985,2608768556.0
44.25,10.75,1986,2645992844.0
44.25,10.75,1987,2664308946.0
44.25,10.75,1988,2581334481.0
44.25,10.75,1989,2585401547.0
44.25,10.75,1990,2687950630.0
44.25,10.75,1991,2646359783.0
44.25,10.75,1992,2645869242.0
44.25,10.75,1993,2675646268.0
44.25,10.75,1994,2654001096.0
44.25,10.75,1995,2589822916.0
44.25,10.75,1996,2620530750.0
44.25,10.75,1997,2697974922.0
44.25,10.75,1998,2747775118.0
44.25,10.75,1999,2605761855.0
44.25,10.75,2000,2765134868.0
44.25,10.75,2001,2717608028.0
44.25,10.75,2002,2529155273.0
44.25,10.75,2003,2851431496.0
44.25,10.75,2004,2723477594.0
44.25,10.75,2005,2650735019.0
44.25,10.75,2006,2758378622.0
44.25,10.75,2007,2710122497.0
44.25,10.75,2008,2621204245.0
44.25,10.75,2009,2740689228.0
44.25,10.75,2010,2572781359.0
44.25,10.75,2011,2810007156.0
44.25,10.75,2012,2752065446.0
44.25,10.75,2013,2688533526.0
44.25,10.75,2014,2572519186.0
44.25,10.75,2015,2725366034.0
44.25,10.75,2016,2742389862.0
44.25,11.25,1982,2573466739.0
44.25,11.25,1983,2575885152.0
44.25,11.25,1984,2455582586.0
44.25,11.25,1985,2609409292.0
44.25,11.25,1986,2641472372.0
44.25,11.25,1987,2654842773.0
44.25,11.25,1988,2584065938.0
44.25,11.25,1989,2564745497.0
44.25,11.25,1990,2667278962.0
44.25,11.25,1991,2636996874.0
44.25,11.25,1992,2653503550.0
44.25,11.25,1993,2678915996.0
44.25,11.25,1994,2664550292.0
44.25,11.25,1995,2566414070.0
44.25,11.25,1996,2605813378.0
44.25,11.25,1997,2701491810.0
44.25,11.25,1998,2737401392.0
44.25,11.25,1999,2597960623.0
44.25,11.25,2000,2762155980.0
44.25,11.25,2001,2700923398.0
44.25,11.25,2002,2509910736.0
44.25,11.25,2003,2835208334.0
44.25,11.25,2004,2713631618.0
44.25,11.25,2005,2641782210.0
44.25,11.25,2006,2747910441.0
44.25,11.25,2007,2709837394.0
44.25,11.25,2008,2629480069.0
44.25,11.25,2009,2719831186.0
44.25,11.25,2010,2568143264.0
44.25,11.25,2011,2806058510.0
44.25,11.25,2012,2743148516.0
44.25,11.25,2013,2671074523.0
44.25,11.25,2014,2553273977.0
44.25,11.25,2015,2702012550.0
44.25,11.25,2016,2725198776.0
44.25,11.75,1982,2564459496.0
44.25,11.75,1983,2587238547.0
44.25,11.75,1984,2484463207.0
44.25,11.75,1985,2608180984.0
44.25,11.75,1986,2636648782.0
44.25,11.75,1987,2649239184.0
44.25,11.75,1988,2588789101.0
44.25,11.75,1989,2551077964.0
44.25,11.75,1990,2662907560.0
44.25,11.75,1991,2627995587.0
44.25,11.75,1992,2664866632.0
44.25,11.75,1993,2678977402.0
44.25,11.75,1994,2679888022.0
44.25,11.75,1995,2556722907.0
44.25,11.75,1996,2597926152.0
44.25,11.75,1997,2700500197.0
44.25,11.75,1998,2721237552.0
44.25,11.75,1999,2596203905.0
44.25,11.75,2000,2757457912.0
44.25,11.75,2001,2695194438.0
44.25,11.75,2002,2504556330.0
44.25,11.75,2003,2804449370.0
44.25,11.75,2004,2706112874.0
44.25,11.75,2005,2638469908.0
44.25,11.75,2006,2733162358.0
44.25,11.75,2007,2716052164.0
44.25,11.75,2008,2645317894.0
44.25,11.75,2009,2699843506.0
44.25,11.75,2010,2586854671.0
44.25,11.75,2011,2796144910.0
44.25,11.75,2012,2740713826.0
44.25,11.75,2013,2677786987.0
44.25,11.75,2014,2554643846.0
44.25,11.75,2015,2685534414.0
44.25,11.75,2016,2708924090.0
44.75,6.75,1982,2395490810.0
44.75,6.75,1983,2192057214.0
44.75,6.75,1984,2194261488.0
44.75,6.75,1985,2519757383.0
44.75,6.75,1986,2462425687.0
44.75,6.75,1987,2539327382.0
44.75,6.75,1988,2475606699.0
44.75,6.75,1989,2654650626.0
44.75,6.75,1990,2643795151.0
44.75,6.75,1991,2484313302.0
44.75,6.75,1992,2452387295.0
44.75,6.75,1993,2553477749.0
44.75,6.75,1994,2411649636.0
44.75,6.75,1995,2429473727.0
44.75,6.75,1996,2388099076.0
44.75,6.75,1997,2496995854.0
44.75,6.75,1998,2662255198.0
44.75,6.75,1999,2504558984.0
44.75,6.75,2000,2656754639.0
44.75,6.75,2001,2584182875.0
44.75,6.75,2002,2437950451.0
44.75,6.75,2003,2755327650.0
44.75,6.75,2004,2590303968.0
44.75,6.75,2005,2718218440.0
44.75,6.75,2006,2655123189.0
44.75,6.75,2007,2712345302.0
44.75,6.75,2008,2527916650.0
44.75,6.75,2009,2631217586.0
44.75,6.75,2010,2475722031.0
44.75,6.75,2011,2680528653.0
44.75,6.75,2012,2611390560.0
44.75,6.75,2013,2437684638.0
44.75,6.75,2014,2491497900.0
44.75,6.75,2015,2573071341.0
44.75,6.75,2016,2650087990.0
44.75,7.25,1982,2295736800.0
44.75,7.25,1983,2287071305.0
44.75,7.25,1984,2254308494.0
44.75,7.25,1985,2411890098.0
44.75,7.25,1986,2345641434.0
44.75,7.25,1987,2432670320.0
44.75,7.25,1988,2355155378.0
44.75,7.25,1989,2537651934.0
44.75,7.25,1990,2508033904.0
44.75,7.25,1991,2500183487.0
44.75,7.25,1992,2329223264.0
44.75,7.25,1993,2451005459.0
44.75,7.25,1994,2345186127.0
44.75,7.25,1995,2432386225.0
44.75,7.25,1996,2356455854.0
44.75,7.25,1997,2481667496.0
44.75,7.25,1998,2569128914.0
44.75,7.25,1999,2381871096.0
44.75,7.25,2000,2506909425.0
44.75,7.25,2001,2558005416.0
44.75,7.25,2002,2307748738.0
44.75,7.25,2003,2695893500.0
44.75,7.25,2004,2548489122.0
44.75,7.25,2005,2531552775.0
44.75,7.25,2006,2542484592.0
44.75,7.25,2007,2562346944.0
44.75,7.25,2008,2375698922.0
44.75,7.25,2009,2581115276.0
44.75,7.25,2010,2439864651.0
44.75,7.25,2011,2551553608.0
44.75,7.25,2012,2451487181.0
44.75,7.25,2013,2546234798.0
44.75,7.25,2014,2389353655.0
44.75,7.25,2015,2407601450.0
44.75,7.25,2016,2605174729.0
44.75,7.75,1982,2233102091.0
44.75,7.75,1983,2261902650.0
44.75,7.75,1984,2216600198.0
44.75,7.75,1985,2318157391.0
44.75,7.75,1986,2269003082.0
44.75,7.75,1987,2358079449.0
44.75,7.75,1988,2282412635.0
44.75,7.75,1989,2444242341.0
44.75,7.75,1990,2401377913.0
44.75,7.75,1991,2477772450.0
44.75,7.75,1992,2248048149.0
44.75,7.75,1993,2371753570.0
44.75,7.75,1994,2272529755.0
44.75,7.75,1995,2350637727.0
44.75,7.75,1996,2304031095.0
44.75,7.75,1997,2399981342.0
44.75,7.75,1998,2476216129.0
44.75,7.75,1999,2289150099.0
44.75,7.75,2000,2416153091.0
44.75,7.75,2001,2466384658.0
44.75,7.75,2002,2232446029.0
44.75,7.75,2003,2619200560.0
44.75,7.75,2004,2492993526.0
44.75,7.75,2005,2423738057.0
44.75,7.75,2006,2473884089.0
44.75,7.75,2007,2476737534.0
44.75,7.75,2008,2270560367.0
44.75,7.75,2009,2521191388.0
44.75,7.75,2010,2383573674.0
44.75,7.75,2011,2475852186.0
44.75,7.75,2012,2332553641.0
44.75,7.75,2013,2495837520.0
44.75,7.75,2014,2299949368.0
44.75,7.75,2015,2314509714.0
44.75,7.75,2016,2507277762.0
44.75,8.25,1982,2371370807.0
44.75,8.25,1983,2371785206.0
44.75,8.25,1984,2315254107.0
44.75,8.25,1985,2439080506.0
44.75,8.25,1986,2401630236.0
44.75,8.25,1987,2491957868.0
44.75,8.25,1988,2421089608.0
44.75,8.25,1989,2525584229.0
44.75,8.25,1990,2514655944.0
44.75,8.25,1991,2581309092.0
44.75,8.25,1992,2363252115.0
44.75,8.25,1993,2491656334.0
44.75,8.25,1994,2412431208.0
44.75,8.25,1995,2450101632.0
44.75,8.25,1996,2416247983.0
44.75,8.25,1997,2498311792.0
44.75,8.25,1998,2580481210.0
44.75,8.25,1999,2415521942.0
44.75,8.25,2000,2555369576.0
44.75,8.25,2001,2567208879.0
44.75,8.25,2002,2359376650.0
44.75,8.25,2003,2713844362.0
44.75,8.25,2004,2594662734.0
44.75,8.25,2005,2514343048.0
44.75,8.25,2006,2600669890.0
44.75,8.25,2007,2579377837.0
44.75,8.25,2008,2402147363.0
44.75,8.25,2009,2625852530.0
44.75,8.25,2010,2498988637.0
44.75,8.25,2011,2599126770.0
44.75,8.25,2012,2480536328.0
44.75,8.25,2013,2579006485.0
44.75,8.25,2014,2411733971.0
44.75,8.25,2015,2458060048.0
44.75,8.25,2016,2584487702.0
44.75,8.75,1982,2431316540.0
44.75,8.75,1983,2415555339.0
44.75,8.75,1984,2336664143.0
44.75,8.75,1985,2497885900.0
44.75,8.75,1986,2466329929.0
44.75,8.75,1987,2532765627.0
44.75,8.75,1988,2455630723.0
44.75,8.75,1989,2544186625.0
44.75,8.75,1990,2556662322.0
44.75,8.75,1991,2600136422.0
44.75,8.75,1992,2422194140.0
44.75,8.75,1993,2538982718.0
44.75,8.75,1994,2497213732.0
44.75,8.75,1995,2484913897.0
44.75,8.75,1996,2444024892.0
44.75,8.75,1997,2541232145.0
44.75,8.75,1998,2615309942.0
44.75,8.75,1999,2465383898.0
44.75,8.75,2000,2622769034.0
44.75,8.75,2001,2611077155.0
44.75,8.75,2002,2404254394.0
44.75,8.75,2003,2748829152.0
44.75,8.75,2004,2624615504.0
44.75,8.75,2005,2544438546.0
44.75,8.75,2006,2662719661.0
44.75,8.75,2007,2609378130.0
44.75,8.75,2008,2467452920.0
44.75,8.75,2009,2672402263.0
44.75,8.75,2010,2508349528.0
44.75,8.75,2011,2639872496.0
44.75,8.75,2012,2541447595.0
44.75,8.75,2013,2593858849.0
44.75,8.75,2014,2447386624.0
44.75,8.75,2015,2524973334.0
44.75,8.75,2016,2603779105.0
44.75,9.25,1982,2431667903.0
44.75,9.25,1983,2419227243.0
44.75,9.25,1984,2315430477.0
44.75,9.25,1985,2502630478.0
44.75,9.25,1986,2474500053.0
44.75,9.25,1987,2513320218.0
44.75,9.25,1988,2421323512.0
44.75,9.25,1989,2523616216.0
44.75,9.25,1990,2552337686.0
44.75,9.25,1991,2566955850.0
44.75,9.25,1992,2446228859.0
44.75,9.25,1993,2532896440.0
44.75,9.25,1994,2527072991.0
44.75,9.25,1995,2478594573.0
44.75,9.25,1996,2423350903.0
44.75,9.25,1997,2550150110.0
44.75,9.25,1998,2603249498.0
44.75,9.25,1999,2456932636.0
44.75,9.25,2000,2630569828.0
44.75,9.25,2001,2613269264.0
44.75,9.25,2002,2387737292.0
44.75,9.25,2003,2744011116.0
44.75,9.25,2004,2608821916.0
44.75,9.25,2005,2534115101.0
44.75,9.25,2006,2676131248.0
44.75,9.25,2007,2595647346.0
44.75,9.25,2008,2478928368.0
44.75,9.25,2009,2671445788.0
44.75,9.25,2010,2458958540.0
44.75,9.25,2011,2627578168.0
44.75,9.25,2012,2539775600.0
44.75,9.25,2013,2574263350.0
44.75,9.25,2014,2432383216.0
44.75,9.25,2015,2533245602.0
44.75,9.25,2016,2594257574.0
44.75,9.75,1982,2471591115.0
44.75,9.75,1983,2455377268.0
44.75,9.75,1984,2360332721.0
44.75,9.75,1985,2511964432.0
44.75,9.75,1986,2506714780.0
44.75,9.75,1987,2551182176.0
44.75,9.75,1988,2439107959.0
44.75,9.75,1989,2528979591.0
44.75,9.75,1990,2583961455.0
44.75,9.75,1991,2579381732.0
44.75,9.75,1992,2501875670.0
44.75,9.75,1993,2554187480.0
44.75,9.75,1994,2542428509.0
44.75,9.75,1995,2498209545.0
44.75,9.75,1996,2468663486.0
44.75,9.75,1997,2580972312.0
44.75,9.75,1998,2625342694.0
44.75,9.75,1999,2476617409.0
44.75,9.75,2000,2650900396.0
44.75,9.75,2001,2632005164.0
44.75,9.75,2002,2403250412.0
44.75,9.75,2003,2751564376.0
44.75,9.75,2004,2633774892.0
44.75,9.75,2005,2546894948.0
44.75,9.75,2006,2696204148.0
44.75,9.75,2007,2619262367.0
44.75,9.75,2008,2508425269.0
44.75,9.75,2009,2676196136.0
44.75,9.75,2010,2495700862.0
44.75,9.75,2011,2652680120.0
44.75,9.75,2012,2597627710.0
44.75,9.75,2013,2602404590.0
44.75,9.75,2014,2461310433.0
44.75,9.75,2015,2578831103.0
44.75,9.75,2016,2620827805.0
44.75,10.25,1982,2511388438.0
44.75,10.25,1983,2497324253.0
44.75,10.25,1984,2417200240.0
44.75,10.25,1985,2520254070.0
44.75,10.25,1986,2541875730.0
44.75,10.25,1987,2596039410.0
44.75,10.25,1988,2475830674.0
44.75,10.25,1989,2535465114.0
44.75,10.25,1990,2612256148.0
44.75,10.25,1991,2604941652.0
44.75,10.25,1992,2555840864.0
44.75,10.25,1993,2583089128.0
44.75,10.25,1994,2546858983.0
44.75,10.25,1995,2520811830.0
44.75,10.25,1996,2525853142.0
44.75,10.25,1997,2610143368.0
44.75,10.25,1998,2653547678.0
44.75,10.25,1999,2501544158.0
44.75,10.25,2000,2669019938.0
44.75,10.25,2001,2647262362.0
44.75,10.25,2002,2427157594.0
44.75,10.25,2003,2755486144.0
44.75,10.25,2004,2662731394.0
44.75,10.25,2005,2561964809.0
44.75,10.25,2006,2706124772.0
44.75,10.25,2007,2644195344.0
44.75,10.25,2008,2535834207.0
44.75,10.25,2009,2674449726.0
44.75,10.25,2010,2547768312.0
44.75,10.25,2011,2684593374.0
44.75,10.25,2012,2657783542.0
44.75,10.25,2013,2633754838.0
44.75,10.25,2014,2496381316.0
44.75,10.25,2015,2620516028.0
44.75,10.25,2016,2650749820.0
44.75,10.75,1982,2529196672.0
44.75,10.75,1983,2537715089.0
44.75,10.75,1984,2447635574.0
44.75,10.75,1985,2540548926.0
44.75,10.75,1986,2577714884.0
44.75,10.75,1987,2613956869.0
44.75,10.75,1988,2513165435.0
44.75,10.75,1989,2536896710.0
44.75,10.75,1990,2618456686.0
44.75,10.75,1991,2625673270.0
44.75,10.75,1992,2596004386.0
44.75,10.75,1993,2617382758.0
44.75,10.75,1994,2565646626.0
44.75,10.75,1995,2541654530.0
44.75,10.75,1996,2557324422.0
44.75,10.75,1997,2631860952.0
44.75,10.75,1998,2677111156.0
44.75,10.75,1999,2525799105.0
44.75,10.75,2000,2689358500.0
44.75,10.75,2001,2658482724.0
44.75,10.75,2002,2452307843.0
44.75,10.75,2003,2759970180.0
44.75,10.75,2004,2676622288.0
44.75,10.75,2005,2577020945.0
44.75,10.75,2006,2708983208.0
44.75,10.75,2007,2651173964.0
44.75,10.75,2008,2561537152.0
44.75,10.75,2009,2673792006.0
44.75,10.75,2010,2560306754.0
44.75,10.75,2011,2711924674.0
44.75,10.75,2012,2681851194.0
44.75,10.75,2013,2646117902.0
44.75,10.75,2014,2517651674.0
44.75,10.75,2015,2637076882.0
44.75,10.75,2016,2671293642.0
44.75,11.25,1982,2508182673.0
44.75,11.25,1983,2544143257.0
44.75,11.25,1984,2440450012.0
44.75,11.25,1985,2540947496.0
44.75,11.25,1986,2585774424.0
44.75,11.25,1987,2592502199.0
44.75,11.25,1988,2520915054.0
44.75,11.25,1989,2509470038.0
44.75,11.25,1990,2595145636.0
44.75,11.25,1991,2609385331.0
44.75,11.25,1992,2600385264.0
44.75,11.25,1993,2622511794.0
44.75,11.25,1994,2571241710.0
44.75,11.25,1995,2534242153.0
44.75,11.25,1996,2546526812.0
44.75,11.25,1997,2621186214.0
44.75,11.25,1998,2665638570.0
44.75,11.25,1999,2524915859.0
44.75,11.25,2000,2680983320.0
44.75,11.25,2001,2642996714.0
44.75,11.25,2002,2454288870.0
44.75,11.25,2003,2735905136.0
44.75,11.25,2004,2653988493.0
44.75,11.25,2005,2567191232.0
44.75,11.25,2006,2680626780.0
44.75,11.25,2007,2628285207.0
44.75,11.25,2008,2561991174.0
44.75,11.25,2009,2647960168.0
44.75,11.25,2010,2533417370.0
44.75,11.25,2011,2707721500.0
44.75,11.25,2012,2665114434.0
44.75,11.25,2013,2629330236.0
44.75,11.25,2014,2508947398.0
44.75,11.25,2015,2617359433.0
44.75,11.25,2016,2657902712.0
44.75,11.75,1982,2526368990.0
44.75,11.75,1983,2576294396.0
44.75,11.75,1984,2478080966.0
44.75,11.75,1985,2576746733.0
44.75,11.75,1986,2629214278.0
44.75,11.75,1987,2618535234.0
44.75,11.75,1988,2559441478.0
44.75,11.75,1989,2523254650.0
44.75,11.75,1990,2633060174.0
44.75,11.75,1991,2621874448.0
44.75,11.75,1992,2640969254.0
44.75,11.75,1993,2659280506.0
44.75,11.75,1994,2626485322.0
44.75,11.75,1995,2565441067.0
44.75,11.75,1996,2575552455.0
44.75,11.75,1997,2649367786.0
44.75,11.75,1998,2687978258.0
44.75,11.75,1999,2565725292.0
44.75,11.75,2000,2709929160.0
44.75,11.75,2001,2674931474.0
44.75,11.75,2002,2497648264.0
44.75,11.75,2003,2755149464.0
44.75,11.75,2004,2673528574.0
44.75,11.75,2005,2602495441.0
44.75,11.75,2006,2697178358.0
44.75,11.75,2007,2663990364.0
44.75,11.75,2008,2606075512.0
44.75,11.75,2009,2667554952.0
44.75,11.75,2010,2567512265.0
44.75,11.75,2011,2743309206.0
44.75,11.75,2012,2705694012.0
44.75,11.75,2013,2671464732.0
44.75,11.75,2014,2547538258.0
44.75,11.75,2015,2649068046.0
44.75,11.75,2016,2683824364.0
45.25,6.75,1982,2211331759.0
45.25,6.75,1983,2010308644.0
45.25,6.75,1984,1999376891.5
45.25,6.75,1985,2322242518.0
45.25,6.75,1986,2292446695.0
45.25,6.75,1987,2218424971.0
45.25,6.75,1988,2234254494.0
45.25,6.75,1989,2415697402.0
45.25,6.75,1990,2451483890.0
45.25,6.75,1991,2321864559.0
45.25,6.75,1992,2284945278.0
45.25,6.75,1993,2327510066.0
45.25,6.75,1994,2182620040.0
45.25,6.75,1995,2101004604.0
45.25,6.75,1996,2254144232.0
45.25,6.75,1997,2264583878.0
45.25,6.75,1998,2442668324.0
45.25,6.75,1999,2251371632.0
45.25,6.75,2000,2449140071.0
45.25,6.75,2001,2340627405.0
45.25,6.75,2002,2216569548.0
45.25,6.75,2003,2597930962.0
45.25,6.75,2004,2404716804.0
45.25,6.75,2005,2439818960.0
45.25,6.75,2006,2404840217.0
45.25,6.75,2007,2419007322.0
45.25,6.75,2008,2382696412.0
45.25,6.75,2009,2460580185.0
45.25,6.75,2010,2244497640.0
45.25,6.75,2011,2504052089.0
45.25,6.75,2012,2365191325.0
45.25,6.75,2013,2252327040.0
45.25,6.75,2014,2268572387.0
45.25,6.75,2015,2410879762.0
45.25,6.75,2016,2359306053.0
45.25,7.25,1982,2253802868.0
45.25,7.25,1983,2169425738.0
45.25,7.25,1984,2140647815.0
45.25,7.25,1985,2344374450.0
45.25,7.25,1986,2266233985.0
45.25,7.25,1987,2348696822.0
45.25,7.25,1988,2252024697.0
45.25,7.25,1989,2459161550.0
45.25,7.25,1990,2476904677.0
45.25,7.25,1991,2458611164.0
45.25,7.25,1992,2269989895.0
45.25,7.25,1993,2368500217.0
45.25,7.25,1994,2277035914.0
45.25,7.25,1995,2317819026.0
45.25,7.25,1996,2290365676.0
45.25,7.25,1997,2370866820.0
45.25,7.25,1998,2489755538.0
45.25,7.25,1999,2251645430.0
45.25,7.25,2000,2440805123.0
45.25,7.25,2001,2485482952.0
45.25,7.25,2002,2244357522.0
45.25,7.25,2003,2636397176.0
45.25,7.25,2004,2443286670.0
45.25,7.25,2005,2476308734.0
45.25,7.25,2006,2479351258.0
45.25,7.25,2007,2483974353.0
45.25,7.25,2008,2323212136.0
45.25,7.25,2009,2448054080.0
45.25,7.25,2010,2350876163.0
45.25,7.25,2011,2473776727.0
45.25,7.25,2012,2363203556.0
45.25,7.25,2013,2423218418.0
45.25,7.25,2014,2320131369.0
45.25,7.25,2015,2380143537.0
45.25,7.25,2016,2503763749.0
45.25,7.75,1982,2271874497.0
45.25,7.75,1983,2265180663.0
45.25,7.75,1984,2237774191.0
45.25,7.75,1985,2348854711.0
45.25,7.75,1986,2291826170.0
45.25,7.75,1987,2367972059.0
45.25,7.75,1988,2273398334.0
45.25,7.75,1989,2456592958.0
45.25,7.75,1990,2455684823.0
45.25,7.75,1991,2516423466.0
45.25,7.75,1992,2252639399.0
45.25,7.75,1993,2381061682.0
45.25,7.75,1994,2287873326.0
45.25,7.75,1995,2383696013.0
45.25,7.75,1996,2310798640.0
45.25,7.75,1997,2374982428.0
45.25,7.75,1998,2497109211.0
45.25,7.75,1999,2247785883.0
45.25,7.75,2000,2424577362.0
45.25,7.75,2001,2507706233.0
45.25,7.75,2002,2252894524.0
45.25,7.75,2003,2614758680.0
45.25,7.75,2004,2504720688.0
45.25,7.75,2005,2467011188.0
45.25,7.75,2006,2496361112.0
45.25,7.75,2007,2475267174.0
45.25,7.75,2008,2294486955.0
45.25,7.75,2009,2500318978.0
45.25,7.75,2010,2387419032.0
45.25,7.75,2011,2462821497.0
45.25,7.75,2012,2352184396.0
45.25,7.75,2013,2495233780.0
45.25,7.75,2014,2332344704.0
45.25,7.75,2015,2355096455.0
45.25,7.75,2016,2527437856.0
45.25,8.25,1982,2342254348.0
45.25,8.25,1983,2350338094.0
45.25,8.25,1984,2301514859.0
45.25,8.25,1985,2402317742.0
45.25,8.25,1986,2375496042.0
45.25,8.25,1987,2455736259.0
45.25,8.25,1988,2374120558.0
45.25,8.25,1989,2531345558.0
45.25,8.25,1990,2520290752.0
45.25,8.25,1991,2558107535.0
45.25,8.25,1992,2336845366.0
45.25,8.25,1993,2458202955.0
45.25,8.25,1994,2374616312.0
45.25,8.25,1995,2462105932.0
45.25,8.25,1996,2394179583.0
45.25,8.25,1997,2443679114.0
45.25,8.25,1998,2562538952.0
45.25,8.25,1999,2347663974.0
45.25,8.25,2000,2499732005.0
45.25,8.25,2001,2551614103.0
45.25,8.25,2002,2332046960.0
45.25,8.25,2003,2658699970.0
45.25,8.25,2004,2571018402.0
45.25,8.25,2005,2534495664.0
45.25,8.25,2006,2588122538.0
45.25,8.25,2007,2523233209.0
45.25,8.25,2008,2379409794.0
45.25,8.25,2009,2585658984.0
45.25,8.25,2010,2447439526.0
45.25,8.25,2011,2554930614.0
45.25,8.25,2012,2462350229.0
45.25,8.25,2013,2535533449.0
45.25,8.25,2014,2409636123.0
45.25,8.25,2015,2436323313.0
45.25,8.25,2016,2563709134.0
45.25,8.75,1982,2390900548.0
45.25,8.75,1983,2403766745.0
45.25,8.75,1984,2349937766.0
45.25,8.75,1985,2454006338.0
45.25,8.75,1986,2435088257.0
45.25,8.75,1987,2507773014.0
45.25,8.75,1988,2432946212.0
45.25,8.75,1989,2561800287.0
45.25,8.75,1990,2547138498.0
45.25,8.75,1991,2574179396.0
45.25,8.75,1992,2407772231.0
45.25,8.75,1993,2503682234.0
45.25,8.75,1994,2442238030.0
45.25,8.75,1995,2504127477.0
45.25,8.75,1996,2439542575.0
45.25,8.75,1997,2494393150.0
45.25,8.75,1998,2594716414.0
45.25,8.75,1999,2408265585.0
45.25,8.75,2000,2554492810.0
45.25,8.75,2001,2577968614.0
45.25,8.75,2002,2368961447.0
45.25,8.75,2003,2690529308.0
45.25,8.75,2004,2599255153.0
45.25,8.75,2005,2555333299.0
45.25,8.75,2006,2647212652.0
45.25,8.75,2007,2548031360.0
45.25,8.75,2008,2433270222.0
45.25,8.75,2009,2639223066.0
45.25,8.75,2010,2469746680.0
45.25,8.75,2011,2600427834.0
45.25,8.75,2012,2519874504.0
45.25,8.75,2013,2565448631.0
45.25,8.75,2014,2449745986.0
45.25,8.75,2015,2484280076.0
45.25,8.75,2016,2586248829.0
45.25,9.25,1982,2406712018.0
45.25,9.25,1983,2417495523.0
45.25,9.25,1984,2371468052.0
45.25,9.25,1985,2481270281.0
45.25,9.25,1986,2458517978.0
45.25,9.25,1987,2520875867.0
45.25,9.25,1988,2439490257.0
45.25,9.25,1989,2542920354.0
45.25,9.25,1990,2535377824.0
45.25,9.25,1991,2563459866.0
45.25,9.25,1992,2447110433.0
45.25,9.25,1993,2510955970.0
45.25,9.25,1994,2471354424.0
45.25,9.25,1995,2505879393.0
45.25,9.25,1996,2446513796.0
45.25,9.25,1997,2516294779.0
45.25,9.25,1998,2590583004.0
45.25,9.25,1999,2421672713.0
45.25,9.25,2000,2576243917.0
45.25,9.25,2001,2580092068.0
45.25,9.25,2002,2362183699.0
45.25,9.25,2003,2699579220.0
45.25,9.25,2004,2591540806.0
45.25,9.25,2005,2534387920.0
45.25,9.25,2006,2660992110.0
45.25,9.25,2007,2547245465.0
45.25,9.25,2008,2446514564.0
45.25,9.25,2009,2648716680.0
45.25,9.25,2010,2456882268.0
45.25,9.25,2011,2597333636.0
45.25,9.25,2012,2521067283.0
45.25,9.25,2013,2575022583.0
45.25,9.25,2014,2449498146.0
45.25,9.25,2015,2491660070.0
45.25,9.25,2016,2590998064.0
45.25,9.75,1982,2416385419.0
45.25,9.75,1983,2435472248.0
45.25,9.75,1984,2387946810.0
45.25,9.75,1985,2485375172.0
45.25,9.75,1986,2482301183.0
45.25,9.75,1987,2536747330.0
45.25,9.75,1988,2441700558.0
45.25,9.75,1989,2520277615.0
45.25,9.75,1990,2535558537.0
45.25,9.75,1991,2560535814.0
45.25,9.75,1992,2478448648.0
45.25,9.75,1993,2523623906.0
45.25,9.75,1994,2483993277.0
45.25,9.75,1995,2509307903.0
45.25,9.75,1996,2466087747.0
45.25,9.75,1997,2530477265.0
45.25,9.75,1998,2591672516.0
45.25,9.75,1999,2436639771.0
45.25,9.75,2000,2589827397.0
45.25,9.75,2001,2580129274.0
45.25,9.75,2002,2372281644.0
45.25,9.75,2003,2701974820.0
45.25,9.75,2004,2596367237.0
45.25,9.75,2005,2526057779.0
45.25,9.75,2006,2660716514.0
45.25,9.75,2007,2550086722.0
45.25,9.75,2008,2465545778.0
45.25,9.75,2009,2644040190.0
45.25,9.75,2010,2458379001.0
45.25,9.75,2011,2603100486.0
45.25,9.75,2012,2535977195.0
45.25,9.75,2013,2578212531.0
45.25,9.75,2014,2450216176.0
45.25,9.75,2015,2505316486.0
45.25,9.75,2016,2595906467.0
45.25,10.25,1982,2404943258.0
45.25,10.25,1983,2438958294.0
45.25,10.25,1984,2377261893.0
45.25,10.25,1985,2462838323.0
45.25,10.25,1986,2486399194.0
45.25,10.25,1987,2527099196.0
45.25,10.25,1988,2431189476.0
45.25,10.25,1989,2479149819.0
45.25,10.25,1990,2522303782.0
45.25,10.25,1991,2539826759.0
45.25,10.25,1992,2485240250.0
45.25,10.25,1993,2516583040.0
45.25,10.25,1994,2470663375.0
45.25,10.25,1995,2494158719.0
45.25,10.25,1996,2467985538.0
45.25,10.25,1997,2519474208.0
45.25,10.25,1998,2575966538.0
45.25,10.25,1999,2432458537.0
45.25,10.25,2000,2578514159.0
45.25,10.25,2001,2561166220.0
45.25,10.25,2002,2371270812.0
45.25,10.25,2003,2678007328.0
45.25,10.25,2004,2584713071.0
45.25,10.25,2005,2506215582.0
45.25,10.25,2006,2631348253.0
45.25,10.25,2007,2532395821.0
45.25,10.25,2008,2466265835.0
45.25,10.25,2009,2612042982.0
45.25,10.25,2010,2446597137.0
45.25,10.25,2011,2595016032.0
45.25,10.25,2012,2534929671.0
45.25,10.25,2013,2557923464.0
45.25,10.25,2014,2435641953.0
45.25,10.25,2015,2500541930.0
45.25,10.25,2016,2580741756.0
45.25,10.75,1982,2421544737.0
45.25,10.75,1983,2469154683.0
45.25,10.75,1984,2379714030.0
45.25,10.75,1985,2476149248.0
45.25,10.75,1986,2517178092.0
45.25,10.75,1987,2532060976.0
45.25,10.75,1988,2460725063.0
45.25,10.75,1989,2467334634.0
45.25,10.75,1990,2534307830.0
45.25,10.75,1991,2542627761.0
45.25,10.75,1992,2514671528.0
45.25,10.75,1993,2534074116.0
45.25,10.75,1994,2488271568.0
45.25,10.75,1995,2503296250.0
45.25,10.75,1996,2486467935.0
45.25,10.75,1997,2531206573.0
45.25,10.75,1998,2589678636.0
45.25,10.75,1999,2452448866.0
45.25,10.75,2000,2594760562.0
45.25,10.75,2001,2575686702.0
45.25,10.75,2002,2390276905.0
45.25,10.75,2003,2680445972.0
45.25,10.75,2004,2597400704.0
45.25,10.75,2005,2514341577.0
45.25,10.75,2006,2626690085.0
45.25,10.75,2007,2536955762.0
45.25,10.75,2008,2487646072.0
45.25,10.75,2009,2612035498.0
45.25,10.75,2010,2456593350.0
45.25,10.75,2011,2615681838.0
45.25,10.75,2012,2555006658.0
45.25,10.75,2013,2563714573.0
45.25,10.75,2014,2451161697.0
45.25,10.75,2015,2519278077.0
45.25,10.75,2016,2591979490.0
45.25,11.25,1982,2430039732.0
45.25,11.25,1983,2493630598.0
45.25,11.25,1984,2378306564.0
45.25,11.25,1985,2492564047.0
45.25,11.25,1986,2544893558.0
45.25,11.25,1987,2531967142.0
45.25,11.25,1988,2489231674.0
45.25,11.25,1989,2455271923.0
45.25,11.25,1990,2544923678.0
45.25,11.25,1991,2540151193.0
45.25,11.25,1992,2541525608.0
45.25,11.25,1993,2552070902.0
45.25,11.25,1994,2509007056.0
45.25,11.25,1995,2508898327.0
45.25,11.25,1996,2499214762.0
45.25,11.25,1997,2542856477.0
45.25,11.25,1998,2599501016.0
45.25,11.25,1999,2471830059.0
45.25,11.25,2000,2609700774.0
45.25,11.25,2001,2588303248.0
45.25,11.25,2002,2408215288.0
45.25,11.25,2003,2683097906.0
45.25,11.25,2004,2604389274.0
45.25,11.25,2005,2522774555.0
45.25,11.25,2006,2621680370.0
45.25,11.25,2007,2544151720.0
45.25,11.25,2008,2507293253.0
45.25,11.25,2009,2614994174.0
45.25,11.25,2010,2466584399.0
45.25,11.25,2011,2634359652.0
45.25,11.25,2012,2574679498.0
45.25,11.25,2013,2572383371.0
45.25,11.25,2014,2468513038.0
45.25,11.25,2015,2538237225.0
45.25,11.25,2016,2599921952.0
45.25,11.75,1982,2434210694.0
45.25,11.75,1983,2521586411.0
45.25,11.75,1984,2400642088.0
45.25,11.75,1985,2517317932.0
45.25,11.75,1986,2577706847.0
45.25,11.75,1987,2548345499.0
45.25,11.75,1988,2513228820.0
45.25,11.75,1989,2455468443.0
45.25,11.75,1990,2569695102.0
45.25,11.75,1991,2548454600.0
45.25,11.75,1992,2579091442.0
45.25,11.75,1993,2587570818.0
45.25,11.75,1994,2544585931.0
45.25,11.75,1995,2525095936.0
45.25,11.75,1996,2527169791.0
45.25,11.75,1997,2570712003.0
45.25,11.75,1998,2615161390.0
45.25,11.75,1999,2506923897.0
45.25,11.75,2000,2636411706.0
45.25,11.75,2001,2604829438.0
45.25,11.75,2002,2444878931.0
45.25,11.75,2003,2702640596.0
45.25,11.75,2004,2619042884.0
45.25,11.75,2005,2549122352.0
45.25,11.75,2006,2635872584.0
45.25,11.75,2007,2578565443.0
45.25,11.75,2008,2545047558.0
45.25,11.75,2009,2632130070.0
45.25,11.75,2010,2499193734.0
45.25,11.75,2011,2660971088.0
45.25,11.75,2012,2616271080.0
45.25,11.75,2013,2606606699.0
45.25,11.75,2014,2500102964.0
45.25,11.75,2015,2575931573.0
45.25,11.75,2016,2617540054.0
45.75,7.75,1982,2189199337.0
45.75,7.75,1983,2060025567.0
45.75,7.75,1984,2037130469.5
45.75,7.75,1985,2286715156.0
45.75,7.75,1986,2234973698.0
45.75,7.75,1987,2252089126.0
45.75,7.75,1988,2205661773.0
45.75,7.75,1989,2377985844.0
45.75,7.75,1990,2452728610.0
45.75,7.75,1991,2385949188.0
45.75,7.75,1992,2182055328.0
45.75,7.75,1993,2277138510.0
45.75,7.75,1994,2234224036.0
45.75,7.75,1995,2219108305.0
45.75,7.75,1996,2300089975.0
45.75,7.75,1997,2284331318.0
45.75,7.75,1998,2429200588.0
45.75,7.75,1999,2179242302.0
45.75,7.75,2000,2393272758.0
45.75,7.75,2001,2347839576.0
45.75,7.75,2002,2186464317.0
45.75,7.75,2003,2531075595.0
45.75,7.75,2004,2364250952.0
45.75,7.75,2005,2438669871.0
45.75,7.75,2006,2415481603.0
45.75,7.75,2007,2383612106.0
45.75,7.75,2008,2278581062.0
45.75,7.75,2009,2354138434.0
45.75,7.75,2010,2264097115.0
45.75,7.75,2011,2432570561.0
45.75,7.75,2012,2377508520.0
45.75,7.75,2013,2281480045.0
45.75,7.75,2014,2278989105.0
45.75,7.75,2015,2337821525.0
45.75,7.75,2016,2416787212.0
45.75,8.25,1982,2379685263.0
45.75,8.25,1983,2368301460.0
45.75,8.25,1984,2320921000.0
45.75,8.25,1985,2479269776.0
45.75,8.25,1986,2428931280.0
45.75,8.25,1987,2468739882.0
45.75,8.25,1988,2391199455.0
45.75,8.25,1989,2602311388.0
45.75,8.25,1990,2612455444.0
45.75,8.25,1991,2643105078.0
45.75,8.25,1992,2374227302.0
45.75,8.25,1993,2477487344.0
45.75,8.25,1994,2439827807.0
45.75,8.25,1995,2518116480.0
45.75,8.25,1996,2456255186.0
45.75,8.25,1997,2459341638.0
45.75,8.25,1998,2608240790.0
45.75,8.25,1999,2347029368.0
45.75,8.25,2000,2539050461.0
45.75,8.25,2001,2562836379.0
45.75,8.25,2002,2395941111.0
45.75,8.25,2003,2679902672.0
45.75,8.25,2004,2607462125.0
45.75,8.25,2005,2604734143.0
45.75,8.25,2006,2627800046.0
45.75,8.25,2007,2548602168.0
45.75,8.25,2008,2431779904.0
45.75,8.25,2009,2595305586.0
45.75,8.25,2010,2477588107.0
45.75,8.25,2011,2593321116.0
45.75,8.25,2012,2546353208.0
45.75,8.25,2013,2555418033.0
45.75,8.25,2014,2473603017.0
45.75,8.25,2015,2492678354.0
45.75,8.25,2016,2615218242.0
45.75,8.75,1982,2377043617.0
45.75,8.75,1983,2397385276.0
45.75,8.75,1984,2350743843.0
45.75,8.75,1985,2469578197.0
45.75,8.75,1986,2409413529.0
45.75,8.75,1987,2472975520.0
45.75,8.75,1988,2388693244.0
45.75,8.75,1989,2590024526.0
45.75,8.75,1990,2576696562.0
45.75,8.75,1991,2621335150.0
45.75,8.75,1992,2402690388.0
45.75,8.75,1993,2465728962.0
45.75,8.75,1994,2447065783.0
45.75,8.75,1995,2521455004.0
45.75,8.75,1996,2435924892.0
45.75,8.75,1997,2447465321.0
45.75,8.75,1998,2594516644.0
45.75,8.75,1999,2342717142.0
45.75,8.75,2000,2527448285.0
45.75,8.75,2001,2548885542.0
45.75,8.75,2002,2394609203.0
45.75,8.75,2003,2686724722.0
45.75,8.75,2004,2590761676.0
45.75,8.75,2005,2589352642.0
45.75,8.75,2006,2657074482.0
45.75,8.75,2007,2544613830.0
45.75,8.75,2008,2419895145.0
45.75,8.75,2009,2605933698.0
45.75,8.75,2010,2473395774.0
45.75,8.75,2011,2587596966.0
45.75,8.75,2012,2520597622.0
45.75,8.75,2013,2562706275.0
45.75,8.75,2014,2464537879.0
45.75,8.75,2015,2468524676.0
45.75,8.75,2016,2599513372.0
45.75,9.25,1982,2355229620.0
45.75,9.25,1983,2377605583.0
45.75,9.25,1984,2351870010.0
45.75,9.25,1985,2463215348.0
45.75,9.25,1986,2386578250.0
45.75,9.25,1987,2471414599.0
45.75,9.25,1988,2367489248.0
45.75,9.25,1989,2520507701.0
45.75,9.25,1990,2516065236.0
45.75,9.25,1991,2559589534.0
45.75,9.25,1992,2388066852.0
45.75,9.25,1993,2455599895.0
45.75,9.25,1994,2430459652.0
45.75,9.25,1995,2474000860.0
45.75,9.25,1996,2412762599.0
45.75,9.25,1997,2425883521.0
45.75,9.25,1998,2568588820.0
45.75,9.25,1999,2331300138.0
45.75,9.25,2000,2515840010.0
45.75,9.25,2001,2530715445.0
45.75,9.25,2002,2359678744.0
45.75,9.25,2003,2673591800.0
45.75,9.25,2004,2568360254.0
45.75,9.25,2005,2548378240.0
45.75,9.25,2006,2629860650.0
45.75,9.25,2007,2527035133.0
45.75,9.25,2008,2399279977.0
45.75,9.25,2009,2602582300.0
45.75,9.25,2010,2446150311.0
45.75,9.25,2011,2542034106.0
45.75,9.25,2012,2497916046.0
45.75,9.25,2013,2526411487.0
45.75,9.25,2014,2434282275.0
45.75,9.25,2015,2431924403.0
45.75,9.25,2016,2551387733.0
45.75,9.75,1982,2293337460.0
45.75,9.75,1983,2330111343.0
45.75,9.75,1984,2303259043.0
45.75,9.75,1985,2405641865.0
45.75,9.75,1986,2333593522.0
45.75,9.75,1987,2416040535.0
45.75,9.75,1988,2311493698.0
45.75,9.75,1989,2411939516.0
45.75,9.75,1990,2429733600.0
45.75,9.75,1991,2449597756.0
45.75,9.75,1992,2336706999.0
45.75,9.75,1993,2408093765.0
45.75,9.75,1994,2377737171.0
45.75,9.75,1995,2389711587.0
45.75,9.75,1996,2357869223.0
45.75,9.75,1997,2369690122.0
45.75,9.75,1998,2502165945.0
45.75,9.75,1999,2285184032.0
45.75,9.75,2000,2468411664.0
45.75,9.75,2001,2473760260.0
45.75,9.75,2002,2301607780.0
45.75,9.75,2003,2614071464.0
45.75,9.75,2004,2500547202.0
45.75,9.75,2005,2475940218.0
45.75,9.75,2006,2546056704.0
45.75,9.75,2007,2462962758.0
45.75,9.75,2008,2355923683.0
45.75,9.75,2009,2543269547.0
45.75,9.75,2010,2378327906.0
45.75,9.75,2011,2467123233.0
45.75,9.75,2012,2446714678.0
45.75,9.75,2013,2456170540.0
45.75,9.75,2014,2367036792.0
45.75,9.75,2015,2367810134.0
45.75,9.75,2016,2464735556.0
45.75,10.25,1982,2289327135.0
45.75,10.25,1983,2356615282.0
45.75,10.25,1984,2302775729.0
45.75,10.25,1985,2399966605.0
45.75,10.25,1986,2346504282.0
45.75,10.25,1987,2406380981.0
45.75,10.25,1988,2323854379.0
45.75,10.25,1989,2380429803.0
45.75,10.25,1990,2425896546.0
45.75,10.25,1991,2410465699.0
45.75,10.25,1992,2359140065.0
45.75,10.25,1993,2416990198.0
45.75,10.25,1994,2392415241.0
45.75,10.25,1995,2381593181.0
45.75,10.25,1996,2366688957.0
45.75,10.25,1997,2381214187.0
45.75,10.25,1998,2495549309.0
45.75,10.25,1999,2295248844.0
45.75,10.25,2000,2487899017.0
45.75,10.25,2001,2476771099.0
45.75,10.25,2002,2317390971.0
45.75,10.25,2003,2623128384.0
45.75,10.25,2004,2482295300.0
45.75,10.25,2005,2477331740.0
45.75,10.25,2006,2526363471.0
45.75,10.25,2007,2456709041.0
45.75,10.25,2008,2380584976.0
45.75,10.25,2009,2531356646.0
45.75,10.25,2010,2373552419.0
45.75,10.25,2011,2476645145.0
45.75,10.25,2012,2462649302.0
45.75,10.25,2013,2473652493.0
45.75,10.25,2014,2364537662.0
45.75,10.25,2015,2378927332.0
45.75,10.25,2016,2457025856.0
45.75,10.75,1982,2344016051.0
45.75,10.75,1983,2431262033.0
45.75,10.75,1984,2341376072.0
45.75,10.75,1985,2448285983.0
45.75,10.75,1986,2419623131.0
45.75,10.75,1987,2449542883.0
45.75,10.75,1988,2396638729.0
45.75,10.75,1989,2401554478.0
45.75,10.75,1990,2477855780.0
45.75,10.75,1991,2442110883.0
45.75,10.75,1992,2437335322.0
45.75,10.75,1993,2474761573.0
45.75,10.75,1994,2453465793.0
45.75,10.75,1995,2430473031.0
45.75,10.75,1996,2426474351.0
45.75,10.75,1997,2448030358.0
45.75,10.75,1998,2541375880.0
45.75,10.75,1999,2354523394.0
45.75,10.75,2000,2557857775.0
45.75,10.75,2001,2541899269.0
45.75,10.75,2002,2377158455.0
45.75,10.75,2003,2684769836.0
45.75,10.75,2004,2532300310.0
45.75,10.75,2005,2517469838.0
45.75,10.75,2006,2564160414.0
45.75,10.75,2007,2503202996.0
45.75,10.75,2008,2450008037.0
45.75,10.75,2009,2578089294.0
45.75,10.75,2010,2421100746.0
45.75,10.75,2011,2543802554.0
45.75,10.75,2012,2525571317.0
45.75,10.75,2013,2533472627.0
45.75,10.75,2014,2416679731.0
45.75,10.75,2015,2448197829.0
45.75,10.75,2016,2508711696.0
45.75,11.25,1982,2273521468.0
45.75,11.25,1983,2380011934.0
45.75,11.25,1984,2248434463.0
45.75,11.25,1985,2364923185.0
45.75,11.25,1986,2366738652.0
45.75,11.25,1987,2372183989.0
45.75,11.25,1988,2348078212.0
45.75,11.25,1989,2306244003.0
45.75,11.25,1990,2405646398.0
45.75,11.25,1991,2368362337.0
45.75,11.25,1992,2394753371.0
45.75,11.25,1993,2410838532.0
45.75,11.25,1994,2386769692.0
45.75,11.25,1995,2362053204.0
45.75,11.25,1996,2365929830.0
45.75,11.25,1997,2394892078.0
45.75,11.25,1998,2460693529.0
45.75,11.25,1999,2300083756.0
45.75,11.25,2000,2496110702.0
45.75,11.25,2001,2470190150.0
45.75,11.25,2002,2312647765.0
45.75,11.25,2003,2612553920.0
45.75,11.25,2004,2462225382.0
45.75,11.25,2005,2421866736.0
45.75,11.25,2006,2482403996.0
45.75,11.25,2007,2429117039.0
45.75,11.25,2008,2391354976.0
45.75,11.25,2009,2494685277.0
45.75,11.25,2010,2347627475.0
45.75,11.25,2011,2484180049.0
45.75,11.25,2012,2456170587.0
45.75,11.25,2013,2453642685.0
45.75,11.25,2014,2341714812.0
45.75,11.25,2015,2397000077.0
45.75,11.25,2016,2440657798.0
45.75,11.75,1982,2244801724.0
45.75,11.75,1983,2373921511.0
45.75,11.75,1984,2206960900.0
45.75,11.75,1985,2340218033.0
45.75,11.75,1986,2365522870.0
45.75,11.75,1987,2347290081.0
45.75,11.75,1988,2333083793.0
45.75,11.75,1989,2269742526.0
45.75,11.75,1990,2381185937.0
45.75,11.75,1991,2351693024.0
45.75,11.75,1992,2399727308.0
45.75,11.75,1993,2398572696.0
45.75,11.75,1994,2367601713.0
45.75,11.75,1995,2342722988.0
45.75,11.75,1996,2355243957.0
45.75,11.75,1997,2385075506.0
45.75,11.75,1998,2433200506.0
45.75,11.75,1999,2304917525.0
45.75,11.75,2000,2480527445.0
45.75,11.75,2001,2431966844.0
45.75,11.75,2002,2294952319.0
45.75,11.75,2003,2593390851.0
45.75,11.75,2004,2441568294.0
45.75,11.75,2005,2385826173.0
45.75,11.75,2006,2459547862.0
45.75,11.75,2007,2409277079.0
45.75,11.75,2008,2383280481.0
45.75,11.75,2009,2470704404.0
45.75,11.75,2010,2322609079.0
45.75,11.75,2011,2475135754.0
45.75,11.75,2012,2434833599.0
45.75,11.75,2013,2431347359.0
45.75,11.75,2014,2316016292.0
45.75,11.75,2015,2390923700.0
45.75,11.75,2016,2431435284.0
46.25,11.75,1982,2224060526.0
46.25,11.75,1983,2383028054.0
46.25,11.75,1984,2161815079.0
46.25,11.75,1985,2307562325.0
46.25,11.75,1986,2326200166.0
46.25,11.75,1987,2272293109.0
46.25,11.75,1988,2312186172.0
46.25,11.75,1989,2301527849.0
46.25,11.75,1990,2417791645.0
46.25,11.75,1991,2314899897.0
46.25,11.75,1992,2373234732.0
46.25,11.75,1993,2389620010.0
46.25,11.75,1994,2397234069.0
46.25,11.75,1995,2363805961.0
46.25,11.75,1996,2383849273.0
46.25,11.75,1997,2379597322.0
46.25,11.75,1998,2423886351.0
46.25,11.75,1999,2273479788.0
46.25,11.75,2000,2505280861.0
46.25,11.75,2001,2410543700.0
46.25,11.75,2002,2320311206.0
46.25,11.75,2003,2670115808.0
46.25,11.75,2004,2424354714.0
46.25,11.75,2005,2428477791.0
46.25,11.75,2006,2468025345.0
46.25,11.75,2007,2423852510.0
46.25,11.75,2008,2401880962.0
46.25,11.75,2009,2435713486.0
46.25,11.75,2010,2345328397.0
46.25,11.75,2011,2477699973.0
46.25,11.75,2012,2451393372.0
46.25,11.75,2013,2433812432.0
46.25,11.75,2014,2283774233.0
46.25,11.75,2015,2408918693.0
46.25,11.75,2016,2421764098.0
46.25,12.25,1982,2243628449.0
46.25,12.25,1983,2391545764.0
46.25,12.25,1984,2148333688.0
46.25,12.25,1985,2330386252.0
46.25,12.25,1986,2367346799.0
46.25,12.25,1987,2293156376.0
46.25,12.25,1988,2307444572.0
46.25,12.25,1989,2307423506.0
46.25,12.25,1990,2396210836.0
46.25,12.25,1991,2343777688.0
46.25,12.25,1992,2399856211.0
46.25,12.25,1993,2369985194.0
46.25,12.25,1994,2376078266.0
46.25,12.25,1995,2352363378.0
46.25,12.25,1996,2361220550.0
46.25,12.25,1997,2378612754.0
46.25,12.25,1998,2425235557.0
46.25,12.25,1999,2281747659.0
46.25,12.25,2000,2487212564.0
46.25,12.25,2001,2407347360.0
46.25,12.25,2002,2296775988.0
46.25,12.25,2003,2651168489.0
46.25,12.25,2004,2449752230.0
46.25,12.25,2005,2402881035.0
46.25,12.25,2006,2476227451.0
46.25,12.25,2007,2405201565.0
46.25,12.25,2008,2396884984.0
46.25,12.25,2009,2464868337.0
46.25,12.25,2010,2331217505.0
46.25,12.25,2011,2481431500.0
46.25,12.25,2012,2422209896.0
46.25,12.25,2013,2438100684.0
46.25,12.25,2014,2303840003.0
46.25,12.25,2015,2391661757.0
46.25,12.25,2016,2439505219.0
46.75,12.25,1982,2093030568.0
46.75,12.25,1983,2224356205.0
46.75,12.25,1984,1986067146.0
46.75,12.25,1985,2175909075.0
46.75,12.25,1986,2239510674.0
46.75,12.25,1987,2067407528.0
46.75,12.25,1988,2161559444.0
46.75,12.25,1989,2182003030.0
46.75,12.25,1990,2323396710.0
46.75,12.25,1991,2110179361.0
46.75,12.25,1992,2234367260.0
46.75,12.25,1993,2261751364.0
46.75,12.25,1994,2297345649.0
46.75,12.25,1995,2215171113.0
46.75,12.25,1996,2256772510.0
46.75,12.25,1997,2243717238.0
46.75,12.25,1998,2228455592.0
46.75,12.25,1999,2125053837.0
46.75,12.25,2000,2389989331.0
46.75,12.25,2001,2187286036.0
46.75,12.25,2002,2210287402.0
46.75,12.25,2003,2569409837.0
46.75,12.25,2004,2237592439.0
46.75,12.25,2005,2306965227.0
46.75,12.25,2006,2351071066.0
46.75,12.25,2007,2333875043.0
46.75,12.25,2008,2230164001.0
46.75,12.25,2009,2306600284.0
46.75,12.25,2010,2162170760.0
46.75,12.25,2011,2304094201.0
46.75,12.25,2012,2315889806.0
46.75,12.25,2013,2309036735.0
46.75,12.25,2014,2133554007.0
46.75,12.25,2015,2305022974.0
46.75,12.25,2016,2264746466.0
